Generation,MinEnergy,AvgEnergy,StdDevEnergy
0,3.46776536546863,3.9572860726308954,0.3082319582147559
1,2.8686872975695596,3.7994346283354448,0.4633785109279427
2,3.1027582049683247,4.015985882922896,0.44939160395014577
3,2.7229119891958047,3.848908583367098,0.5112313262463801
4,3.0161927630758676,3.9042978662587657,0.4736256768660016
5,3.327878880693309,3.947005143835523,0.34995988075946066
6,3.076019675985546,3.6914020107461893,0.3845847785645842
7,2.8925541886099855,3.773703464804277,0.4427864564977289
8,3.227384620260476,3.959742508760416,0.37372344081462194
9,2.919144287395575,3.848472560103422,0.42651864359715164
10,3.101187785891998,3.925173643413381,0.3369565468865627
11,3.0250483856039296,3.953381807003708,0.4731693480734485
12,3.1145291012211573,3.9788802209504723,0.44112157181170863
13,3.317006055844566,4.031513902106034,0.45012026036401354
14,2.933644907080646,3.8988085285816685,0.4054765630587462
15,2.476590496853817,3.705997755403894,0.5146066113546336
16,2.852155350875023,3.8649013041169358,0.4377452125943103
17,3.1951254114658427,3.948681343603927,0.5510693105644292
18,2.808533240585969,3.662757547384142,0.4451171889624432
19,2.9932893707122283,3.993471165576422,0.4068512700159838
20,3.1535393149373667,3.852929361608025,0.44733337879268126
21,3.4029991199188263,4.03267577706169,0.373761480157838
22,2.578967762867904,3.706048753725788,0.513412254474398
23,2.8249597940654603,3.7637708525734137,0.4784883925214243
24,2.6199383301187256,3.8289032572034194,0.3998605095505586
25,2.897248264746265,3.999001819886086,0.4993828701862892
26,2.9150622458042785,3.7902127868234583,0.3903965931275032
27,2.470287094256014,3.8625261578516477,0.47507537124311616
28,2.9738495737004635,3.837492880874492,0.3953015937835905
29,2.853092563772628,3.8253412492000183,0.3915470053790494
30,3.0297368126795865,3.959333963843977,0.4947305940554819
31,2.4674113837984915,3.764219999789511,0.4649822381934757
32,3.1794020433078516,3.950293004825023,0.46582985476464955
33,2.7264440547261444,3.748763632631862,0.46595954564260794
34,2.887408092234785,3.8731589662905264,0.49218827835431567
35,3.049685364040368,3.929298140165868,0.42824880685888495
36,3.0274553127994888,3.832491364475234,0.41620379661754375
37,3.1491698126748893,3.8882707837185366,0.3572933990482965
38,2.9570080427331247,4.00015441709288,0.3733009970583118
39,3.181448357079529,3.888696128657227,0.3984673874555898
40,3.033624612807059,3.8958412464679872,0.39795587533481513
41,3.207459139351468,3.978813358734435,0.4957358545426826
42,2.8699739527519563,3.7335524528145596,0.49691931677078827
43,3.05406919143464,3.8360523009079883,0.4671212469986444
44,3.1378734887389506,3.927258484575809,0.4143200520380112
45,2.86596456525413,3.878889877846545,0.4855976786241145
46,3.12652761870915,3.866331292223954,0.43023970723484883
47,2.764966274938227,3.9173545310504445,0.46455073255747814
48,2.9323810317231596,3.759145459798565,0.4493828546509286
49,3.3860957103913654,3.978986727203789,0.36883615274374537
50,3.0772197525844125,3.8548736452791985,0.4845295851108557
51,2.792739762526945,4.008380766826998,0.45844159608189067
52,2.6917740276504816,3.6599734848301484,0.39893491766994954
53,2.6040190538875447,3.8384889014347165,0.48494665244723156
54,2.687640706821104,3.8007482220463444,0.5942721914710423
55,2.8093964779857465,3.9606047369642283,0.4763932690870546
56,3.0818949458387186,3.945600612898448,0.5185514980708953
57,3.0360084268426286,4.089474087156803,0.4388363935134129
58,2.7919760181656996,3.8396884792661057,0.45619640079231655
59,3.1740285636443772,3.853632405980136,0.363486260838838
60,2.3721595797224926,3.636079766147284,0.45412866069122254
61,2.7818138041415845,3.8913959507399083,0.5817261700325886
62,2.9791927372480194,3.7959780260230844,0.36402016351312366
63,2.9756516021742776,3.8279894920168327,0.3567451269335046
64,2.9353828937643076,3.8682239134231677,0.45743995380458635
65,2.8445030664609026,3.7548427352690537,0.33970821266417134
66,3.254577364914009,3.9988341124307003,0.4180208166392762
67,2.707056292336043,3.828930541442576,0.44487982960283873
68,3.26398013267977,3.8423870954096713,0.35298933311060726
69,3.0104065894930643,3.780523545697165,0.35853486096031856
70,3.0450645318965153,4.013333476184546,0.44733758059726714
71,2.8039035837303885,3.8238750558390255,0.439043348542429
72,3.2226554486323384,3.851640431026654,0.4727956232723427
73,2.711527850442969,3.75851394849193,0.432836151600379
74,2.7058254682782836,3.7698174541209033,0.4832253373321377
75,2.9425775524162745,3.796402289467188,0.4445580588585948
76,2.682331196754066,3.9093211129054746,0.41928296272239934
77,2.6880450324431004,3.84219277620429,0.5046579845989233
78,2.8429209153845147,3.8648272614948933,0.46646961735465375
79,2.6432262370898023,3.8183805297586426,0.4942067564654393
80,2.959980669964485,3.8134453008217073,0.47903677221646385
81,3.255041780706457,3.8635065190852282,0.35705962030420935
82,2.9331733066084116,4.095092681496953,0.5594642171462763
83,2.907627695661071,3.7956300197173873,0.4803064638915409
84,2.8492910407016647,3.8545854504948447,0.46861775939757727
85,3.1155340176763646,3.944997063900284,0.42779338735138117
86,2.729390017345557,3.7161329531696663,0.3845685963361699
87,2.9034937682167046,3.859963246434995,0.4693901099603881
88,2.908530646776908,3.9215832165035,0.3888582778705834
89,3.1902717848282562,3.8113899919937113,0.39085424054655554
90,2.8655959052109257,3.902511616861354,0.40422031159627003
91,3.2955696158897827,3.9332369980194017,0.37644633032153013
92,2.7923885595714992,3.7081730854226693,0.5011440083333814
93,3.1006756036790395,3.8788895548069684,0.47187050033220274
94,3.0349917696688484,3.8607601072945243,0.4157763103229831
95,2.9623594225071743,3.8776029456401457,0.4004537352611694
96,3.116093279609425,3.9488700016121805,0.4157612034840629
97,2.963076735193452,4.00902902779303,0.3948949000427561
98,2.5034558676309895,3.9217228597214695,0.495086771207467
99,2.954583054765842,3.7761982070638074,0.423983861196894
100,2.9379228073191817,3.9509025400906985,0.39159630801034107
101,2.9398633884153273,3.794339011019272,0.4495338998440819
102,2.6019533961010888,3.896807802136382,0.6097459336503263
103,3.176389288246809,3.9151446593228196,0.3898339111708276
104,2.9347537220652082,3.863066938185824,0.47207769303566466
105,2.9931545689878467,3.833956706187623,0.41305842803340304
106,3.061382291230237,3.9388683948508287,0.5078365860914381
107,3.0969743414920385,3.7876674857340746,0.40561702375739056
108,3.115467620328189,3.9389213174711686,0.4388459456223557
109,2.594500504842784,3.8224716778627075,0.4779713068615052
110,3.278625691243786,3.907761462411994,0.32731328460519377
111,3.098169194307097,3.858678658339917,0.4123049202836664
112,2.7116140655770473,3.9026502498562525,0.4894876259679935
113,3.2858637170185694,3.8649112892863675,0.35243732377385384
114,2.774184832303584,3.698332830831525,0.4883758083777431
115,2.5626978034975565,3.8360557124852983,0.4626801051275436
116,3.346820723577548,4.223911201709093,0.47401274654109576
117,3.151002202764132,4.0169518989787045,0.4841420816839006
118,3.205308337468528,3.8943725155431435,0.35741609322669105
119,2.78554571377587,3.733230788945551,0.4010937521658955
120,2.7495722404000005,3.8485451250025293,0.5018216690935858
121,2.9668021036558283,3.8123580719062415,0.4084885379208652
122,2.650454675937371,3.8822887547320346,0.4504393015672312
123,2.8917767587215515,4.064113434079419,0.3908578288437653
124,3.2671451195344723,3.9877255324038767,0.3699883122925496
125,2.6526388046045546,3.8473507179485,0.4591405158532791
126,2.9354791772743964,4.021193643273161,0.39514925509791415
127,3.166933126383726,3.7293133281772377,0.4915053707592939
128,2.4915010841447276,3.853061177355585,0.4775857335777409
129,2.559394280245658,3.829961994191417,0.41445109895455545
130,2.9585501265687872,3.9071104257077516,0.39712415878899354
131,2.9638486962688826,3.8702172033719937,0.4603865840462493
132,2.93880426843405,3.960350601835326,0.4859628187538615
133,3.092690627937607,3.897671892606197,0.46782007035752027
134,2.443617005564541,3.9144996703128663,0.533829832545501
135,3.491781583527129,4.047387015241325,0.36819085496612547
136,3.231696861598943,3.854850169368906,0.3475198715513715
137,3.096601498187759,3.9554219027066533,0.42923114326129524
138,3.386839334190083,3.858180354552212,0.36078090404168633
139,2.8306608819863404,3.7658026783304774,0.5505472896755967
140,2.7251758694147075,3.9431623037329344,0.43076152283026137
141,2.893828280226053,3.76749935555108,0.4274232289432858
142,3.139492784352977,3.875633125949962,0.36406147530731475
143,3.0638277444414372,3.8312061373027606,0.5056664506078437
144,2.842545218049114,3.76905086807252,0.38125987621159374
145,3.1851719521011663,3.8337947982881153,0.4247045994075509
146,3.2318919516691875,3.9657662574349217,0.43743981895606643
147,2.717164313632448,3.7999969860142593,0.5182721929466608
148,2.5496776340324705,3.989287124755595,0.545342659884642
149,2.884753471174659,3.8598673897228677,0.544391132943378
150,3.0601640414564035,3.897963393714704,0.39439904656366853
151,2.62877724658198,3.7483885302394304,0.48922814726888453
152,3.2583027344910978,3.9856990394543375,0.451395801018419
153,3.0998951167267954,3.8960518279822036,0.4549905598156445
154,2.7379490628783167,3.9138784404759908,0.4124518415412324
155,2.842133004857803,3.9024263133702766,0.42142352371903735
156,2.952209374966108,3.859249161991273,0.5410135973006203
157,2.3947664416776626,3.9103463009088886,0.5759259996351673
158,2.879670639249304,3.879619309989721,0.4203736592542803
159,2.685675714389455,3.999090092004761,0.5073913353565263
160,2.9802049910290087,3.812903409476408,0.46387226050976915
161,2.8603234071402297,4.008004874755003,0.4359964177621892
162,2.8001987224620177,3.925697605246326,0.5468012942028828
163,2.92451049136072,3.8447128373611625,0.4394756661661837
164,3.3175152443555795,4.054317367430079,0.4777770594278873
165,3.1001939499028857,3.811609544471701,0.5258837764970259
166,2.9917738573687926,3.8636152280785168,0.4397796359871327
167,2.8963952547838394,3.861272537484971,0.4371693606356129
168,2.9036942062303104,3.8164912826583146,0.4826946662212768
169,2.855694881773761,3.942252374945508,0.40740172314940404
170,3.0433251580083267,3.908980270784092,0.46418950144557536
171,3.1963268320889844,3.892663497486584,0.40640054895782196
172,3.0342179881316103,3.9326139424475475,0.4447680346774123
173,2.946053412953563,3.8403085738968827,0.4102514962359891
174,3.0646454672008443,3.9386254287131948,0.385444487300347
175,2.7182919433600583,3.883588775866032,0.45914819513310395
176,3.1505726361504056,3.9526045080019894,0.4513573460337273
177,2.929708658135816,3.715004326529604,0.3651245769475109
178,3.144208772343133,3.86723538276938,0.42013988005257197
179,3.193116372124742,3.8548540261272186,0.34332221872898383
180,2.8650151538993187,3.919849870752284,0.4245814965944721
181,2.9504394283489916,3.902965435919104,0.44097718346933085
182,2.4620560159520344,3.808560501320483,0.44453806172899624
183,3.1362680720304126,3.8300983737719707,0.3805798530482002
184,3.008629682838077,3.970560952624017,0.44599635278989974
185,2.6337282871639713,3.857750672697132,0.4744911223837813
186,2.989307455391096,3.9190184913463417,0.43457780685826547
187,3.0076443770216295,3.91221243742643,0.44419231809567106
188,3.3122913109415655,3.9610345743988713,0.3302255581358665
189,2.7236159155465907,3.765252457913864,0.44611891686206173
190,2.9420233686808457,3.747010380789536,0.3603178512018206
191,2.858010096493444,3.809218483796388,0.49384955843377937
192,2.719794563345217,3.8272094336795903,0.4320430627514754
193,2.915445590860786,3.8974887942064735,0.451111697818308
194,2.819049077901589,3.783518181862573,0.47777861280931855
195,3.0532718676354245,3.728496301033165,0.3709659551183542
196,2.810150369020523,3.8240331893558857,0.47362467644022577
197,2.9109175513339003,3.804277093935945,0.4420236206775789
198,2.4604217008376357,3.9587326187853864,0.47042929921918575
199,3.1754413413891607,3.8442369518464696,0.35089886251078256
200,2.7727647617237623,3.9456131458847103,0.5581535476683368
201,2.664386783299139,3.8594100534274833,0.5257592276077984
202,3.0785648348358854,3.8377902576556053,0.39392667031481765
203,2.853216222990995,3.925694038389643,0.4297155566103836
204,2.9698103939493077,4.021355102344048,0.41925819013239324
205,2.9640912850767496,3.715822433017092,0.37541522722638687
206,2.9041451053610303,3.8506028975334385,0.3913166529718217
207,3.0501549749569956,3.8306581833869844,0.3967872570896074
208,2.647206794013602,3.773445493754225,0.41884379558370033
209,3.278452496006416,4.050172791140079,0.41083125876239157
210,3.2468907382478793,3.8965699830908345,0.3123022821911003
211,2.6649834636416463,3.903028700947673,0.4695551807730481
212,2.978702720564544,3.8217292270039196,0.493621889871711
213,2.736112466674057,3.733460306443755,0.44742279471703134
214,2.8593096103114246,3.849212997577829,0.39047145915218695
215,2.8095723700549877,3.691580473125876,0.4086355929715615
216,3.1011932997431986,3.8377964843714953,0.3664990786000112
217,2.947386527871426,3.9855649149054644,0.39818017867635325
218,3.0357401138816638,3.92747921008747,0.42295344755692815
219,2.785192707610329,3.7831376188052888,0.4657585716415543
220,2.903604186217732,3.734196995031614,0.4208553074870783
221,3.107909487525784,3.9344500857873657,0.3489199600188865
222,2.5407565049396004,3.769725563519851,0.4721730675522626
223,3.113529027484818,3.8934931036881952,0.36776101667518024
224,2.686931380180093,3.6271319379496507,0.5019612654257164
225,3.17247352797203,3.9997619080334297,0.3617275091887138
226,3.026916781419866,3.829730208176763,0.45719447322278967
227,3.2447063096327495,3.9376557858983268,0.37163726666770885
228,3.395728462729983,3.9406973850920557,0.34680197815647806
229,2.983656384574134,3.9082689153989607,0.4840816617521928
230,2.4764313170645695,3.7526252400446807,0.4695842910174456
231,3.3593327070332806,4.002432337606876,0.4228935441905537
232,2.895778081753808,3.8116857721558404,0.35424791914791154
233,3.05473189088778,3.8294457377350746,0.4892470842461993
234,3.0710386960720992,3.9332733126458868,0.3787666940633146
235,3.0757630182919393,3.8601215526293307,0.40591760674011346
236,2.7849382665103914,3.8637420220249576,0.47401748062900934
237,3.274115034621938,3.9338691852862726,0.34345838816864616
238,3.273950857175784,4.13341194611455,0.39693414023652784
239,3.1141719161612333,3.927955072930408,0.3951942533631075
240,2.9951037240267526,3.9249459057088973,0.5268516192447653
241,2.7537941837666025,3.764630267011916,0.5021491665364828
242,2.828387067291295,3.8388621588299494,0.4349341619255849
243,2.98237324310406,3.687072086143737,0.3884341708567636
244,3.0991997324454807,3.8643255013059767,0.3935701269957269
245,2.8293673511254553,3.8297815392923,0.4369795584783222
246,3.0837303972165526,3.839647396801749,0.3904406907056729
247,3.176105127528394,4.015288556117337,0.44614459508168003
248,2.850342474793718,3.9871085846439187,0.4746625349611698
249,3.200448438470747,3.8831068017903343,0.40877557834709005
250,2.8687555254423542,3.854969991652239,0.3977483228311527
251,2.912338986823674,3.8150631838864957,0.3825798753169526
252,2.8911990040943696,3.942406179232053,0.465743877667589
253,3.036906666988821,3.7881943658918167,0.4483595682193483
254,3.28563903686161,3.8933789193576454,0.32185920135784263
255,2.6517449195308296,3.8061093290685903,0.39048110008780185
256,3.241092571013148,3.9937166655749645,0.42390520084481986
257,3.2061909036264726,3.9561516735387996,0.4286791195989318
258,3.01523875219898,3.961346731894995,0.4071763617414535
259,3.025981560406081,3.9136644415995967,0.45354264732748784
260,3.1105803310451505,3.9826114887293054,0.4647404821480004
261,2.7889097503808475,3.755416991598665,0.4245734947938411
262,3.038311511272518,3.9192414755705967,0.5248099443872053
263,3.222259966488356,3.900840529351926,0.3922911610050837
264,2.905382313856634,3.940337950922196,0.43869937379933
265,2.8644698322034103,3.987993222666387,0.5114334723763951
266,2.890126903249738,3.9865454455989107,0.43449555117386857
267,3.2271790527171613,3.982221557358852,0.35979159451235615
268,2.8362947788739556,3.91183106048176,0.4754905081473052
269,3.0082374284311713,3.750218117640987,0.41491977905008287
270,3.0067179481111848,3.8191204700831984,0.4463729660347727
271,2.613155492301317,3.8299053329880177,0.4946365029570466
272,2.7082353953848357,3.901807934022278,0.5577446738833834
273,2.9350198497594078,3.8560929338535868,0.4566104124759734
274,2.6850423522096643,3.8558077802129,0.5289356904750544
275,3.073457018915936,3.8362331474927007,0.45447654577787067
276,2.9081920037157776,3.835097954777651,0.3846965387245142
277,2.857268732256715,3.882317970079803,0.41801063456145476
278,3.0346038449003374,3.8352361885606037,0.36877370782809227
279,3.1603739792669883,3.7540916321037137,0.35089571903790573
280,3.237099475161647,4.02095039689739,0.46077703594743596
281,2.905948500420958,3.8681985753134014,0.4156855470370741
282,2.7212206313096443,3.938113291632119,0.49764881094654523
283,2.7151202389006794,4.0023117226166764,0.5025796213976518
284,3.0797787167468074,3.845632609450644,0.4549355756215802
285,2.6915368389267718,3.8443578189138425,0.5156730716498878
286,2.8206021324716417,3.898289760479736,0.4791750534303808
287,2.8090560602922072,3.5778271245867663,0.4747257198888261
288,2.9441961865925883,3.851662202909321,0.5457950253618427
289,3.1449003712404906,3.946345151097324,0.399001164388221
290,2.9886897612407157,3.832263611403791,0.35668115855545585
291,3.1726195483849025,3.8783363237709003,0.37005831147900564
292,2.836790723085671,3.783575481651734,0.44259955138561907
293,2.871905320249374,3.8574693441637162,0.4838245556971676
294,2.9972390895821164,3.785087514020128,0.36997487293227727
295,2.4909374754884777,3.726265899779892,0.5454506338307702
296,2.6741876125694928,3.8384922303035895,0.5360520144889548
297,2.4715326678625416,3.8297379566501593,0.5132821908700136
298,2.878569169926131,3.8415695985234932,0.47799153152389634
299,2.5427914475522737,3.7943187807386414,0.5392002208827495
300,2.7986181491953386,3.750380597622186,0.4949992188306649
301,3.1117728592331804,3.8488501310527203,0.3913140894010759
302,3.181059883755194,3.833589313524887,0.37643862731875255
303,2.483436103607078,3.9341141545209153,0.5395808155950194
304,2.8683110213858063,3.766972389795198,0.48862191850115777
305,3.081583530706497,3.987323299973747,0.3656344928558208
306,3.0857133337452574,3.9429140954561346,0.3719538257087886
307,2.7721599227711433,3.726414883004865,0.48394945552004215
308,2.95235734446135,3.8685442569337187,0.47165953745764433
309,3.2807966583117714,3.9719931776385304,0.4153266000705403
310,2.7823173995289983,3.7591846838282583,0.46207934358651315
311,2.2637328070538887,3.7248741577734545,0.5906133894251306
312,2.5251799491024594,3.8103068175371435,0.5224552761357759
313,3.165962711151086,3.9270184815431195,0.4752474300474103
314,3.2485610497821753,3.998801131504455,0.316187631543016
315,2.8212173197522112,3.7533002845949808,0.39214449085962905
316,2.9250921154343485,3.921810483699928,0.4097042984813517
317,2.6254815273113006,3.8869976622841884,0.4237483904384833
318,2.78141986020875,3.8322541969320643,0.5123168823304666
319,2.9402475441150546,3.9583358525853125,0.5024411676289965
320,2.9557926011403515,3.881671189879955,0.4786760780129103
321,2.775216486124476,3.8776238434145753,0.47858646676012223
322,2.9352866661865127,3.926425218846581,0.40813910773195716
323,3.0182158294380774,3.842587351737323,0.4351920320626975
324,3.125493162085434,3.856574155285996,0.45562266266783613
325,3.0672047560779183,3.793245745640457,0.4228485327129207
326,2.8887142028713098,3.929583073982062,0.42525103086211063
327,2.716657750158741,3.7123663030356604,0.5166688716928213
328,3.4611673650990213,3.9783521120360517,0.31204432821500294
329,2.783832421019262,3.8168344307677295,0.3934364962398298
330,2.987181050566291,4.088563862960147,0.4905545448849359
331,3.099413285128706,3.8558591975866525,0.37352677044671634
332,2.8259827999193576,3.9250381814596897,0.4893149933547978
333,2.681923783569636,4.055987761313703,0.5398928022974572
334,2.9822594326446197,3.8297037005165064,0.40171924746403403
335,2.8515630135782777,3.8691073848444253,0.42887826386652633
336,3.3148013243460186,3.974297250027823,0.3758328526321934
337,3.0631059221290973,3.8729470436872773,0.4669299724211532
338,2.5647089999877157,3.7944965659155043,0.48904175100161107
339,3.073173006139888,3.7459316470904547,0.4261239795429108
340,3.0004385354335272,3.947373831946329,0.44358798441861275
341,3.103454630422877,3.8720201452171064,0.39929422810387244
342,3.1080576305502734,3.900534254869352,0.4339498675462359
343,2.7421400863354366,3.9743843670843573,0.4369570388150792
344,2.9645600517925628,3.7775249073304304,0.3725674602406722
345,2.764978870564983,3.7947180738445536,0.3397842892221333
346,3.2349517580700318,3.8279806454524294,0.3655923078888896
347,2.9835765348955294,3.8745098393206145,0.5336081233470973
348,3.2792102651341346,3.901106550444854,0.4195253299970666
349,3.097298914947651,3.8537214446698362,0.38459555511081117
350,3.162764080251514,3.9103832222986026,0.36328843119225335
351,2.9322759130511367,3.869311010794107,0.4591663744772729
352,3.4306712227944036,3.9465405950805588,0.3564688379489869
353,2.7851626886994283,3.882477792843518,0.4020641740147504
354,2.695773053228069,3.763631878084614,0.5252419957810078
355,2.804873259461885,3.820268928599811,0.5148267870248919
356,2.8314890839514986,3.9237664136356956,0.5509256437964919
357,2.5123273627096325,3.9514802038575687,0.559142621895056
358,3.0798349671259233,3.8362618546983027,0.4202257530714697
359,3.0569989919457816,3.833239152031621,0.42294864499463486
360,2.906911236289878,3.93507260713838,0.4687656232131759
361,2.845729050918897,3.915238930207871,0.49294654439900665
362,2.8807378436276845,3.7280664273140567,0.37648505528859255
363,2.3336873505417017,3.798942593504811,0.49090880536334536
364,2.985647990034951,3.8285226756649586,0.4451335873277776
365,3.180112852420824,3.940920575047205,0.4927823620971303
366,2.8925340918551217,3.7211373073243816,0.3319246274477005
367,2.9755430091289616,3.7751409489272323,0.37773560696228015
368,2.9618978079793403,3.95345762500082,0.46783467993347144
369,2.922233056598622,3.866404459834241,0.45468846683269176
370,3.126003494433807,3.7933755063509795,0.40992840929691354
371,3.1057105529918227,3.899536327165615,0.39811980733657026
372,3.0027865075565523,3.9170237853907475,0.40796802084825295
373,2.1204493950643215,3.838543835764688,0.4855400893384663
374,3.2918987186735205,3.960351660832177,0.3599319046407325
375,2.7434705217481934,3.873922559586838,0.5447753235360415
376,3.0199493391301218,3.880400399551477,0.4890903234838652
377,3.337753913613074,3.93627266017838,0.35700959123971593
378,2.9566815325186733,3.9829456451238694,0.4067009390643081
379,3.147137029173505,3.790114226018788,0.38558924073643946
380,2.70839826109881,3.7649756519802637,0.5063217071031926
381,2.6673561252647167,3.894089765279585,0.5053854168476576
382,3.2441169219930797,3.987138339245799,0.4034141187027598
383,3.393800423116965,4.010689591511104,0.3296721781569492
384,3.0290890274646234,3.8913999124376346,0.35780681436553824
385,3.285620895988781,3.931756167598226,0.3732671923352673
386,3.280899204107329,3.9382818455539894,0.3585101091992722
387,3.063890233209299,3.8379083846531166,0.3862494595997421
388,3.1401284775097897,4.101878300862969,0.3915858106206365
389,2.312967408918962,3.865173142762134,0.5535845112177978
390,3.185332602766342,4.147244016036912,0.484305835982526
391,2.8230758949025097,3.7863506218580274,0.5063547140555712
392,2.841198786488648,3.805522067802181,0.4369944824074824
393,3.0090605991004584,3.8362668635246355,0.3669222372416874
394,3.0368084449651307,3.8247982053764216,0.4221996519717297
395,2.8359145472824854,3.834657404891388,0.4288580971408655
396,2.998557352960553,3.74487137818705,0.41116043416588993
397,3.393935258093995,3.9310946442469703,0.35467533136565393
398,2.903239274124874,3.771924224367079,0.5173955358187691
399,3.0424801912992816,3.873349649276459,0.4681099862041431
400,2.701452911620976,3.8850229759707693,0.4957912359859625
401,3.01262184715616,3.8442710694465223,0.4702264701817873
402,2.4206959908773746,3.7821267617404923,0.511648266958825
403,3.194058340088903,4.064048558848378,0.40595316583222446
404,2.8952915893095184,3.8750672369504353,0.48292754429548346
405,2.465471375470293,3.8098090234280306,0.48311386584599336
406,3.2152173972187748,3.7727776294444864,0.3517687810415273
407,2.887485741183299,3.952147252164556,0.4969282326689342
408,3.181157992460957,3.9944832992576433,0.3879245739882855
409,3.3860819415045715,4.0344421429718915,0.42194119877417524
410,3.0326226888373564,3.864151757263261,0.48706679056235785
411,2.9876254619373666,3.7633032059316913,0.45341818956212204
412,2.306746619648325,3.8578573716898696,0.4867941781283841
413,2.5908945402254617,3.9235368523627803,0.4408663997049887
414,2.7868700608637647,3.85479188947265,0.4709689310440484
415,2.9694729707645195,3.8773210809847067,0.47820604207172457
416,3.007937306343916,3.937608833116234,0.48556818006649755
417,2.8874835638932677,3.7638741590661398,0.5489102231973506
418,2.121955009535993,3.685638099799285,0.4859040144264942
419,3.25248966909762,3.9493614112144737,0.3711216599539478
420,2.945201258830794,3.896767600268903,0.4666114144141043
421,2.9391903329958846,3.858140194095132,0.4195695374208754
422,2.8904427228058234,3.8816175784869835,0.4523283983719346
423,2.971458088356518,3.73179523986517,0.4000196711548569
424,2.9623781215021356,3.849929190377681,0.3399386993818576
425,3.062463235383706,3.9631180185416195,0.4491357501151852
426,3.010648265081688,4.007585181905916,0.4354690382938044
427,3.3623888836675944,4.050582805462109,0.36456101760945087
428,2.593600828972026,3.8452962468266363,0.4993457284824657
429,2.8287572968343215,3.8552549439599413,0.4803208639774524
430,2.9952758612683694,3.8094987490806633,0.40544297770856547
431,3.4801681890041634,4.013851238268009,0.3754253219563364
432,3.083390667297926,3.81234112250463,0.441981492735563
433,3.1640189623686017,3.8889827282724907,0.47157002740352166
434,2.8374407816634286,3.93322260272863,0.46918537917908854
435,3.4194467590413598,3.9582144902126353,0.3317151041773158
436,3.01307358768028,3.787839443953234,0.42574444099715236
437,2.7214640443059737,3.8353124866032644,0.5216954754449359
438,2.4930248991991504,3.7796640221528994,0.5060081365921858
439,3.055407921141381,3.9842840477563404,0.4326889835449237
440,3.040928749785126,3.870452822842731,0.45145970989317796
441,2.919186543262003,3.9334766784710045,0.5122022919517156
442,2.850811941866078,3.8281173662573833,0.5028107803291528
443,2.8546564235244225,3.8245211097147913,0.46381486894478735
444,2.8597179414490927,3.848423311399442,0.42291583390196275
445,2.5214460922715842,3.839438601730977,0.42579510704909057
446,2.980669260367661,3.919264457210616,0.4661036754832567
447,3.0333294871407195,3.942252005196399,0.4058534322655326
448,2.9647563957262095,3.9998103732216803,0.4658924894030721
449,3.0098826646041714,3.908551668921043,0.40128405752315977
450,3.1878020309150625,3.947938739404188,0.33341352343343933
451,2.8995383889153126,3.8060758929448673,0.409769707152746
452,2.8509021919475437,3.785822047381892,0.47440087374161904
453,2.5357471004661347,3.812036366758119,0.46389530637051085
454,2.570609507044374,3.8213020943177365,0.48939653030578534
455,2.7710563692969647,3.8726859578963,0.4772449663894259
456,2.5813771936096517,3.5909914622316825,0.4828589037784324
457,2.8696681239255533,3.854219922468858,0.42457236482865995
458,3.194785103185975,3.961695415693043,0.4279409999351357
459,2.58298639365625,3.7905051404581966,0.45875492037886395
460,3.1463689762882967,3.9102793064648,0.3881960613073104
461,2.984687761442709,3.86059087096297,0.34816519301893367
462,3.165083536039604,3.869976852271389,0.39249952506098845
463,3.2623805151073944,3.9596058422203178,0.43949147592795984
464,3.122528201235137,3.853522686788207,0.362015596159951
465,2.891911351010653,3.793098152330099,0.41465677587138616
466,3.318848628461166,4.013414819832051,0.37436123235988805
467,3.2522894824178437,3.8734635965075,0.3610416208598186
468,3.2394663404371262,3.9504572420246187,0.42248979567129824
469,3.1756901210092923,4.021874068480667,0.4507440675507017
470,2.8622962307121806,3.818533448668183,0.42825537687637444
471,3.0446992956392736,3.9200387702692883,0.5291047628178581
472,3.0771653470953257,3.9147078883690103,0.38608466800348207
473,3.1900767261335266,3.8254116760400096,0.3595837361441394
474,2.6905640274633273,3.959054139688806,0.5778411152286947
475,3.2909688228792073,3.893638800928893,0.3259747810645676
476,3.0196683022488586,3.677012140799952,0.35477286222948856
477,3.2046329103959574,3.961335637935816,0.4388922472361773
478,3.196930214082775,3.806190549849577,0.44902256722366574
479,2.8821853275773455,3.8763865471620464,0.39730914350579066
480,3.076271744529722,3.876675926742393,0.38240307075596464
481,2.8958589597460276,3.808696530868614,0.37803196358870156
482,2.8893386588284526,3.855350274496835,0.4425743973348585
483,2.888519410986744,3.9064958979916837,0.5426685869186002
484,2.9993469957088035,3.841563174524564,0.36831746545984323
485,3.1636805368591774,3.8582104698347646,0.4009309180310029
486,2.974111528713797,3.812524220933108,0.49354757174375435
487,3.1989470383112155,3.9613379584369146,0.47808989913612143
488,3.086500125711122,3.9041099735554248,0.4257598599741121
489,2.66264298185666,3.8031825011987066,0.45009609172637
490,2.542436277839737,3.923539316795561,0.5690405764373472
491,3.052377510178253,3.8021811898575963,0.4213417377795788
492,3.1200887607487005,3.901054935554007,0.37349324335442097
493,3.3846679914773627,4.073059487326708,0.41092080154177363
494,3.024226998789752,3.9951108638548707,0.4541396815938718
495,3.069664679543953,3.88051278268082,0.3665052187655179
496,2.821281837053218,4.040993583153382,0.5022944954838237
497,2.691811541710785,3.791542603800822,0.5142039936159285
498,2.9372189235322352,3.7916016809070303,0.47127458653578286
499,3.0723607176447993,3.841206237873425,0.4716547510637922
500,2.909988338049698,3.881711567392093,0.44480623255097307
501,2.6535701149074704,3.8935125605574825,0.48679669813854587
502,3.2997947063090005,3.894300365879099,0.3735060505320311
503,2.6522992017690212,3.9250308219811663,0.4412500423802974
504,2.6994087417410713,3.911563727711544,0.5357947459190638
505,2.8262437113610615,3.8202726817641133,0.432225214963911
506,2.9339869091041204,3.9693780013092317,0.45488849106559676
507,3.199143874221328,3.9159503353912735,0.4333756241850069
508,2.9919883663038016,3.81455683217132,0.4386102415614295
509,3.1711033960523944,3.8228418462866127,0.34801413577669216
510,3.1573287268245314,3.9395884882478023,0.3983382507286236
511,3.1742016318735597,3.980896232168614,0.4278606254304263
512,3.324470914244382,3.9716185767593553,0.3560775855001706
513,2.947488722507645,3.8932576047359677,0.4352898859694745
514,2.7299944183869105,3.952836486366136,0.4914693240107988
515,3.0065897880466266,3.875948264537545,0.49833569618620743
516,3.135014324520462,4.030872977425321,0.44340650060273473
517,2.8955509401287864,3.947050841637215,0.4833919056669105
518,2.9335227392493963,3.897478284901758,0.43872730939889615
519,3.0460387696191216,3.820744779615378,0.4032012675177536
520,2.928414599666889,3.8299129663217495,0.4688070299558643
521,2.8642388296917876,3.934049808431095,0.5353725398085625
522,2.3499797251739922,3.891850732193624,0.5739580062051006
523,2.341157065848146,3.7503867781986147,0.5534681892643827
524,3.0845958485721545,3.8075845930308216,0.39552101846895693
525,2.699320238309601,3.7964145201958197,0.3966101580349326
526,2.874698367954344,4.028533030959656,0.4167367630624933
527,3.1777163779789515,3.7925746709961965,0.3740144233870429
528,2.8852864801299694,3.7832258264602108,0.33992237107443146
529,2.9305603422545317,3.724059766531865,0.375382515301583
530,2.8866767141817706,3.903149865650563,0.4386161670020301
531,2.532677213791015,3.7938386869689484,0.4879778511733327
532,3.1107216463102905,4.041173348366385,0.49468998805172737
533,3.0213489795466355,3.7847539228891596,0.4408964224148324
534,3.0901555171334665,3.8550845334813326,0.33601795234456705
535,2.831957769522909,3.8261740415495344,0.4251762341156975
536,3.0435671319296373,3.9611290331393443,0.4477229549571236
537,3.0354379231309236,3.965999528656212,0.48983151725715635
538,3.4417747915366212,4.032453936469517,0.38493489103236583
539,2.742724734931468,3.9424456633061657,0.4438838632701486
540,2.951407529605404,3.951682805587457,0.42549009697183304
541,3.0457837601293267,3.889792988480215,0.5041235143088345
542,3.0495601929332334,3.9478909545375664,0.5085706705519962
543,3.0535856447096563,3.954921303874639,0.4224902792382033
544,2.9096679944110098,3.9303774464020025,0.3861286474554044
545,3.1006491109152723,3.9147315279972665,0.44870322695858633
546,2.7736233777027595,3.8151205446983143,0.4161365917786391
547,3.13179284079301,3.970728116542768,0.31944797579860856
548,2.490989301352868,3.785356616376117,0.4683818898877324
549,2.9873931799172126,3.910718419059967,0.5090772596127299
550,3.1878565867008386,3.948358381756517,0.45978847943430434
551,3.1293664447164917,3.774888719490622,0.3491203271771724
552,2.8029980407633897,3.902706431456254,0.4136476280659092
553,2.8930811701767056,3.936974866422503,0.45660461531242313
554,2.558471028067259,3.693842005227096,0.47161589513874813
555,3.1050590338318442,3.7884314313288114,0.29199978501117974
556,3.2301594415216917,3.8575857932354145,0.35404463285754684
557,3.161233481017439,3.8983848980877975,0.4240802090213157
558,2.935461991748764,3.9560196500473324,0.4402844998627286
559,2.7343817552227097,3.9160625451146327,0.49907244469549283
560,3.4878524388288468,4.034575655200386,0.36876257991576616
561,3.0856068339882645,3.7398223491746787,0.44105514250723643
562,2.817190094464874,3.771942126672528,0.32385993914899674
563,3.248977270709676,3.9366122483914596,0.416073361497908
564,2.939017822692771,3.753601438057228,0.4463936754446138
565,3.04662107185172,3.829419104648121,0.41867042237802415
566,3.036245710772815,4.0913509166898185,0.46394348020298853
567,2.9811299271714873,3.7848049646590027,0.395746584744995
568,2.703745961988086,3.8906578852540963,0.502893812551315
569,3.0651297062528466,3.97780852989514,0.3491752598050127
570,2.738931853171837,3.75354620834172,0.4644720904202777
571,3.3617951865031257,3.9670119385639624,0.30126914544349487
572,2.7517720725980257,3.826502113643519,0.4229181228169087
573,3.201672938273972,3.988778611390225,0.40131240380676947
574,3.196579553357538,3.8640731448704,0.3277681202941056
575,3.306539280436673,3.985784497813331,0.3097507078759804
576,2.9461175111701805,3.8559380222883384,0.41244672390664516
577,2.905183091045138,3.972406524027477,0.49618293992616336
578,2.9319419637003095,4.044149730058975,0.49668448062851833
579,2.8408928070503734,3.8606092552799223,0.44531153153511305
580,2.7937455817614443,3.772549949024957,0.5117678117329135
581,2.96243537927798,3.8524426037431168,0.4160464817794258
582,2.8988472982444025,3.7726691948582265,0.37726001561698413
583,3.074150601559802,3.836683106179133,0.372647277412949
584,3.3900561132637006,3.898680234623179,0.4145932190644068
585,3.2712047879179824,3.9648783411162656,0.32085113574313634
586,2.78351026059396,3.76639331080278,0.47379965032082716
587,2.6374169578113724,3.7962959848419575,0.4821059249023963
588,3.2233500439271214,3.9597087235196313,0.36683581170989216
589,3.034826650582937,3.772675086450559,0.3926220085568359
590,2.952625394745368,3.7620997874718385,0.5747230000828387
591,3.2087213017235787,4.062698858135983,0.4390907577124063
592,2.7418789547431426,3.8078657948272636,0.42603109515589305
593,3.311095396638736,3.847814039891522,0.3195754738802293
594,2.6430282853487705,3.8577107963174693,0.6463025896197622
595,2.9568203317498014,4.016962859220191,0.5229310796667839
596,2.8934636788691286,3.8822684265100142,0.48738341090221315
597,2.5619586983095637,3.906445308966105,0.5123664801989065
598,2.5937598062100578,3.724125968965428,0.469395142116332
599,3.006889469637903,3.874725098419208,0.4306945930221693
600,3.104412885125041,3.8742505062475687,0.45504004674220194
601,2.8131003887804567,3.977070861437309,0.5125935445116853
602,2.4441248383962098,3.858974288183122,0.4599492239918273
603,3.221849589562167,3.9090488863755724,0.3969228549267444
604,2.8709581183524095,3.8472655446476525,0.40656381066834274
605,3.155487760803402,3.9539558616666914,0.43417918093627644
606,2.451790789023467,3.793713022487902,0.4787433329756313
607,3.213098996063368,3.81696287030528,0.3857742010319987
608,2.920474659725819,3.8699470608566116,0.5046088822063426
609,3.045392861605689,3.9729175446373626,0.43692932506383064
610,2.7939780239787035,3.7950770476665743,0.4870182858123813
611,2.9394702976104043,3.873692763795749,0.5096204876625973
612,2.855984425766065,3.92714038212153,0.4902428094694239
613,2.981652621050394,3.8769148979632586,0.5262849193133332
614,2.9164711290046834,3.788150354887836,0.4283392047351566
615,2.9925224461024684,3.9449626251577845,0.4236888536475334
616,3.016908837080601,3.845584938208916,0.3442967679837199
617,3.212600295363127,3.8923043681763487,0.31378097400943994
618,2.990539843737586,3.759008833946693,0.4152470193956205
619,2.7489623084053343,3.8158370720766723,0.5056120497683185
620,3.1196557371304596,3.90132262432489,0.37492133504406744
621,3.3798298146754244,3.8956546817747504,0.33859950498848385
622,2.8372800977755745,3.706932274828921,0.41799457446830784
623,3.2742119184150087,3.8862532615074845,0.37276711286550934
624,2.8276908343322114,3.910260894978957,0.4290493906108077
625,2.9757954460840725,3.821093330958419,0.5239265019148774
626,2.6711697013312534,3.719685522843488,0.43260835649625295
627,2.9845754703942116,3.7852452204131253,0.4406467031789498
628,3.049906755011982,3.8323882331870736,0.39002208495812735
629,3.2900470436610587,3.9390808549102507,0.35766382175457057
630,3.036171764569725,3.799243531698684,0.37716669009414777
631,3.0680975531479353,3.8833366533998888,0.4919251939508251
632,2.3831005299766517,3.8481687107301594,0.5007120382992271
633,3.059660506059906,3.8479710282519277,0.3967378681691094
634,3.0655974204181207,3.942302038648097,0.4446270241709074
635,2.759009236068243,3.824420212220982,0.4927043638084655
636,2.7740933826623464,3.9095980909488537,0.4801689377779739
637,3.175179237938599,3.9327537977480023,0.39830769526240434
638,2.918788360552759,3.8388564438086537,0.4077410549799631
639,3.231819265929275,3.957031298351384,0.35917273143144796
640,2.840809985633026,3.763768113008077,0.3809913577848483
641,2.884113658556711,3.8791907627230975,0.4158576553735288
642,2.665338273795471,3.8611884078679846,0.5119461493410988
643,2.90729964179823,3.924241619096232,0.4561576122414529
644,2.698821881797416,3.8757455480308973,0.47617258771645204
645,3.052358584469916,3.8146174829735138,0.39300461943632164
646,2.6476975351468592,3.8283961085340246,0.4346229990626517
647,3.1936436041114775,3.9492923663044035,0.3762389823388099
648,3.0347032756376953,3.7850832960054985,0.31707286365972975
649,3.194521613750539,4.01239035022714,0.4341902685550559
650,2.826556024347433,4.03493956905407,0.48415459715541953
651,3.0611829267410533,3.8413465566167484,0.3944318908955862
652,3.2699415265412277,3.93472761677708,0.4550255399489662
653,2.9155756120423586,3.9742267226005215,0.5283605574929366
654,2.8844100218776423,3.8958120280624144,0.4445019848588945
655,2.404387156024449,3.809079430201552,0.5198356746149423
656,3.0171216678551125,3.681422417079963,0.44750811002715674
657,2.9440555911122126,3.808120566603461,0.4260722035623095
658,2.9205133693311174,3.852534017264737,0.5247149652515795
659,2.8389084037004455,3.7622189857631527,0.4839816658793562
660,3.0279347289626646,3.9025172477191274,0.37837867578922996
661,2.5520560610165877,3.876695259808537,0.45521698423688045
662,2.375255667397956,3.871533708933735,0.5354021218849705
663,3.331984142629538,4.0053603066432295,0.40387967363281685
664,3.14311570967432,3.9452430852670046,0.3789924618307116
665,2.5584652871531097,3.7613066823962686,0.49078187091298164
666,2.961860887166108,3.827016638944665,0.48634967478949465
667,2.8317401722139723,3.742840386416803,0.4437212590766826
668,2.794491385245995,3.7529431710591123,0.4299715963308732
669,2.968410388605917,3.891046150257164,0.4114078972086307
670,2.9605931128043816,3.8315640242307145,0.376009800175591
671,3.4174637426519268,3.8810477937469665,0.3230281780957405
672,3.149964572207339,3.9211684167739214,0.48280916910482613
673,2.872473483996947,3.8832822839307206,0.4449829793187239
674,2.5902722514624212,3.816958932871603,0.494968636937901
675,3.002924766626915,3.84444650268325,0.439450497107966
676,2.9500150394715647,3.8982728585996917,0.5191831715251706
677,3.169697219681861,3.9849568199404213,0.46007488457906676
678,2.885442832792087,3.8392663155113764,0.38226128748000493
679,2.975221946035896,3.899902988003991,0.43253264450016177
680,3.3212362425366337,3.958155380681305,0.3990857822659188
681,2.6978345800775836,3.8373865928053936,0.44395643743032237
682,3.044100576459189,3.773626582357137,0.2586690576644813
683,3.2225649376603074,3.955852847135739,0.461214118865096
684,3.0924605224371886,3.9589436875940147,0.40648570270047873
685,2.8287554248633233,3.698192083442195,0.43516134474991497
686,2.9473277889350076,3.8453832778038857,0.3775729575378054
687,2.7539626294834862,3.7497963191110713,0.5100562689951229
688,3.2353107835458235,3.8872462245537065,0.40770384554914063
689,2.7438429943741167,3.925215353186508,0.4502527335109228
690,2.6927095380913664,3.8960084617669253,0.4136729642269988
691,3.011868353568324,3.794794401182387,0.38671410240361787
692,2.9648434977746128,3.784585892836484,0.4006567510554673
693,2.719523310252126,3.8916353129671535,0.3890035609415879
694,3.069155639294732,3.963856476531681,0.44032811052455406
695,2.920989774283774,3.8997898366410317,0.48825874635342337
696,3.1757209023896515,3.8825954684496513,0.46346528525020303
697,2.7294182420594346,3.8271098492171736,0.45603367666596273
698,3.0750362851716195,3.855551500620949,0.41087609296095345
699,2.749389106863101,3.921073060104771,0.44638715417193814
700,3.1966489631710737,3.954453522011262,0.32487347705566594
701,3.120819777438331,3.854470647378514,0.3637421367942178
702,2.6557344611032914,3.840648883570284,0.4099865868825564
703,3.1820182240513604,3.8265864711494832,0.5299032480978683
704,3.015125849013056,3.858549224343618,0.4414658745092645
705,2.545087333804161,3.7904327907631368,0.426934921698533
706,2.9692711258947058,3.9114425867634455,0.43221839088750985
707,3.2137343863355032,3.913085401955374,0.40098550361722735
708,3.1066391014920476,3.8556678368816706,0.3592778852030749
709,3.0635818810829463,3.893069200865565,0.4251243907889243
710,3.290375016797558,3.851730716709295,0.4488289455412734
711,2.951842271773822,3.790305140639076,0.3620647301035356
712,3.19052076138906,3.893295533340544,0.38412952988380067
713,2.810157587793078,3.833245200781971,0.42629266457853016
714,2.2146246062385937,3.8706174033057694,0.6269721586470974
715,3.1436677739477203,3.9254673633536856,0.3947670262017566
716,2.9714284969962605,3.864296912847493,0.39486237854204315
717,2.95341253310073,3.8835170395195453,0.4027740363842651
718,2.8929979377324355,3.8619252319010307,0.409376806195683
719,2.8696426059882083,3.8904309522261213,0.44877605878905
720,3.3001013505222163,3.9989580703493295,0.4643382750984546
721,2.937463994376892,3.9256404700032705,0.42643575967131087
722,2.721339369771397,3.9143525469113305,0.5380242945223969
723,2.587988758042034,3.790602671137428,0.514954120417024
724,2.901357543467985,3.811442922625493,0.41342306033857285
725,3.0934741905705123,3.8868812995591013,0.43622825876150356
726,3.0809076149980186,3.962316235314538,0.45216396142538007
727,2.9296532366648176,3.709715294470752,0.3668902728978426
728,2.761596409095444,3.8008293938413993,0.4454565191211574
729,2.608139947849602,3.7334241735625353,0.36804229652719506
730,2.795583585015374,3.713416002244818,0.39910551953805135
731,2.818341761970909,3.8924617587179777,0.4756682146343815
732,2.1280974514009943,3.784337078701712,0.5952633455175365
733,2.6242091433883394,3.800004130336626,0.5095207630764628
734,3.2679408316577376,3.885949830076699,0.44276816595418916
735,3.0229104188274194,3.9129452114991228,0.48427601189452485
736,3.020152872154849,3.854939522612536,0.4592912133195774
737,2.852048323545957,3.751350746058266,0.43013779694856846
738,3.4293698703218087,3.9748668366502247,0.28892091447053575
739,3.123703345894247,3.911642001130697,0.376899024893574
740,3.0146618333498867,3.944560074193867,0.44158509755843733
741,2.8033268787467827,3.7919281615424794,0.4305830648484902
742,2.9676475495588646,3.9971310579357326,0.4429445097325397
743,2.9922881822448155,3.807595898617303,0.39295494038529794
744,2.884637608619446,3.9278701210368845,0.4702655631071848
745,3.125366712458585,3.9083687522312958,0.4166346967157306
746,2.732804405519176,3.9558190430296674,0.5636554610656166
747,2.8058301376204686,3.8536090181750207,0.48792730970222076
748,2.6071060001325606,3.8538695039327,0.45337774735601966
749,3.112250520292133,3.964229861235596,0.35685947405080193
750,2.866350335443043,3.8258261556049056,0.4483938393968114
751,2.959182369774626,3.876063597512611,0.4598061100835929
752,2.8889272088674334,3.7780161986633214,0.4289788038273527
753,2.897042692130752,3.96714880954234,0.48042145925404434
754,3.3315951979569163,3.8668270159137763,0.31382188717422804
755,2.9873326382625516,3.9458575147102315,0.47797962609186206
756,3.0982722369498297,3.8695195244022615,0.4644935710510157
757,3.016444212668926,3.8987641487576465,0.4199140970045842
758,2.0779409510010622,3.8866446623728548,0.5591034829470979
759,2.6102018893670618,3.936370096217908,0.4520006869364783
760,2.826975058579388,3.7642460739582004,0.4504932950061986
761,3.103882285973838,3.8886737949291037,0.39739564436360664
762,3.526321118380416,3.990820730869366,0.2652400925352311
763,2.5394169706300502,3.975801545969922,0.5608785684507044
764,2.952334666754359,3.8510783992285926,0.4933147725135906
765,3.233513091165874,3.9594297103730454,0.4482363320808701
766,3.0309088054651565,3.9000449117061304,0.38422364219789384
767,2.7566086169631747,3.9245787589263315,0.5439596735555607
768,2.7008463156000917,3.8513938281132005,0.4977306078057511
769,2.8501427431302693,3.872665329012226,0.51747070104727
770,3.1533347692574356,3.8201019027973295,0.44974322730232547
771,2.86686546789377,3.9159535669325787,0.4968464963799748
772,2.8375326395959704,3.8705653369306483,0.4318512097942124
773,3.058404497506008,3.973811981952461,0.4558266723023135
774,2.9084510755382027,4.053516493694436,0.4337679062090727
775,2.8684325306053995,3.7863015439228658,0.49740661667548414
776,3.038582325217588,3.774451434113112,0.39660794140111955
777,3.1204936295275685,3.8316209426160746,0.4326286132383343
778,2.4772210518393303,3.7380733062693836,0.39633282039736834
779,2.9932595529528547,4.010860900213865,0.41268055959316857
780,2.8931791787409566,3.823569830464215,0.4572406969353359
781,2.424881949571472,3.943795661061442,0.5128040906367757
782,2.879837761459101,3.7658695187705558,0.477888667954191
783,3.090725786495908,3.9462371154196676,0.43040305341204027
784,3.2200474095453133,3.918629346925413,0.3593769722411304
785,3.121064418073029,3.861788086502077,0.4372520541552789
786,2.6422839991193428,3.8702301239817727,0.5611632792186617
787,3.075462103605752,3.8738626637603697,0.4206826657806786
788,3.153574914690409,3.834795749774874,0.37143059476833984
789,3.1340535668213523,3.884384749626229,0.39314608416355706
790,3.1296266912560324,4.054671809859689,0.5071948722499339
791,2.6893594616343455,3.800014989739787,0.49525647092831376
792,2.8015811947141835,3.8181356748998563,0.5090860855445978
793,2.7187249444282715,3.778554583909447,0.5645125602189544
794,3.0684700882714893,3.8499542855353837,0.5230366496601496
795,2.6253456966752484,3.930096901234563,0.48452607914453844
796,2.9023594428901514,3.9595382770864487,0.4526901886692188
797,3.1040310466061665,3.8048231655151805,0.4168093770899844
798,3.168028347986458,3.8967173016922003,0.4077704916557051
799,3.2043954253835514,3.916654953803976,0.38895203511791715
800,3.036725044243241,3.733887826714249,0.4556580199000381
801,2.889272059825858,4.035890818736774,0.4738978643957711
802,3.192754735430432,3.91672905694874,0.4376078878010624
803,3.19102234479218,3.9317603145929736,0.3611316857224035
804,3.3365719565555794,3.9527661498709166,0.4344394203877795
805,3.0577288731940135,3.910407117141981,0.4630367385271128
806,3.0018846562926584,3.896864817270039,0.43225780865481167
807,3.1399806603474696,4.012324624759877,0.4290863530429955
808,3.2447740374480554,3.96575221635153,0.3709222865617257
809,2.9221905213199335,3.9291575051281153,0.40576713748167176
810,3.3693973347456074,4.029363311377959,0.3966085222169815
811,3.1792220278538244,3.957056905914222,0.3725109133729615
812,2.8606249662171543,3.8976284276159663,0.42934696600513517
813,2.9441324202838426,3.950833012880609,0.5288466771117166
814,2.7852338750464116,3.8486588055805213,0.5661969580123595
815,3.309693409082919,3.978873125788336,0.4000107009011191
816,3.246799226889198,3.965129657692989,0.42426115132390235
817,2.6825360944233925,3.941360612025946,0.5477994741737634
818,3.1338422456542574,3.9047854139917586,0.4756887463491631
819,2.8612446205942845,3.7105539877134035,0.4283238673270179
820,3.151369525976189,3.8825093688428596,0.4348273157309326
821,3.3876409916481744,3.9557713520922784,0.4131540615493367
822,3.03149945868294,3.9976852995356777,0.47015039231209826
823,2.923845760184539,3.8971377569950554,0.47918076309292246
824,2.9117283945059866,3.906871987467871,0.3874362769069858
825,2.5648900095255245,3.9212224923564762,0.4761168922023779
826,2.7026091904704788,3.792085728033108,0.42503053436495664
827,3.2305322158229157,3.785872749052344,0.37948781863610836
828,2.8471543593370017,3.9658091049497495,0.5545660392304651
829,3.0147264410683356,3.9607365370615506,0.4794794437993672
830,2.8501277325393,3.86931706531706,0.42282157899592837
831,3.1601405054532936,3.9746078023001674,0.37326324587974496
832,3.081096363284626,3.85357993665547,0.3627933843829145
833,3.1299573157189906,3.8236038532011927,0.3767632427701491
834,3.111540974924083,3.87202246050952,0.3412835501755172
835,2.771898729455741,3.937437032339863,0.4866074110130681
836,2.7901006073955346,3.6898726769097747,0.42621847949967906
837,3.030200812990637,3.8949116824282686,0.48910939626114963
838,2.570586958781473,3.813548748485878,0.4648538554134065
839,2.5666633412059983,3.8844005771457772,0.5181405890460332
840,3.114766323403051,3.786793255314882,0.38382349928905135
841,2.9081799687227488,3.828914338512093,0.45747042170245833
842,2.8765473086207036,3.724317357651215,0.4879679481132443
843,2.977195953727375,3.8523684760146044,0.4536907731578804
844,2.959462458659145,3.8992463172721834,0.40824024351216326
845,2.981392094916089,3.810177644496652,0.5053948391932566
846,2.669875798067763,3.84040708531078,0.5327793281265024
847,2.6609721379863744,3.8625946435346474,0.46927423724294226
848,2.9935627488097247,3.8366320521688353,0.4379060100192247
849,2.779638268645441,3.894525416813931,0.5574274034920255
850,2.84226934342718,3.8199055622476634,0.501197755282337
851,2.788802590246529,3.978198718972831,0.4270999210195048
852,2.855590787364666,3.8957080347472512,0.3934906675240463
853,3.1351782157011154,3.9739554869472893,0.40272288136897544
854,2.954319140378876,3.822896028188158,0.3365547970650523
855,3.0831612126624854,3.844550461862259,0.35972195129915646
856,3.1321143019868165,3.833416000947828,0.4901402732995773
857,2.6755757600775567,3.801760017199817,0.370563071368668
858,2.7918411300877626,3.9016311097103835,0.5016582292625346
859,2.8947999764856,3.9338558558864594,0.5066185007748822
860,2.2381377994422103,3.8259371896246206,0.4620552424634509
861,3.178981616860934,3.740460981287648,0.3545379906929251
862,2.868930929187055,3.816315235827568,0.48715922834673
863,2.7756594215828034,3.72275868732192,0.5194972850146532
864,2.626478889037862,3.754556025372185,0.4101871665478077
865,2.7868384387312863,4.075522065968812,0.47395234079965176
866,3.098237176452734,3.931060497196969,0.44868277433585046
867,3.3215731298925544,3.850814740790656,0.3314303023682961
868,2.5843472663323457,3.758504656322056,0.47988948256659886
869,3.112300292894135,3.952104148619496,0.47269709498303486
870,2.475188434167766,3.884164771614777,0.48365967467227877
871,2.92570542881635,3.9668986619617184,0.55112554944579
872,3.089509860063236,3.9368963000586836,0.43994792544670097
873,2.9948269422025535,3.8463234460334514,0.42754466872866476
874,3.278245600363661,3.8511709979462037,0.3685511996798854
875,2.9160593062530755,3.9320034751270825,0.41768365560013376
876,2.8918897670462083,3.9555754087238397,0.5140239438449147
877,2.9680658054369817,3.7886438777277784,0.45236699081486714
878,2.8558621187904474,3.876713336394081,0.4187754872311568
879,2.9782217819980006,3.940755653197515,0.4500802129576481
880,3.4055430095533104,4.015884697381123,0.3733564721077392
881,3.002020308115884,3.9094909474689046,0.35959686137736746
882,2.9437646171950864,3.9478957767401113,0.3935873685900518
883,3.0020554936998325,3.9151835757372337,0.49855750530273724
884,3.2132429410102827,3.8782767121619126,0.44202835237996496
885,2.8635829242278112,3.8927778856685262,0.42982804004088043
886,3.0901734332337867,3.968378536189018,0.4850807957950228
887,2.8015468422679306,3.7673912755699535,0.5475251378877847
888,2.9552041013234382,3.8740196438340897,0.4223924999701269
889,3.0240337231238272,3.989610854650834,0.4289418457522478
890,2.9430486090217083,3.775480379134432,0.39916243786388445
891,3.145557052906045,3.7978314039718937,0.32581162092142607
892,3.0524627928333734,3.982033998884891,0.3845906668257474
893,2.087570978894477,3.6719406398270964,0.5255030882362031
894,2.8950570674954546,3.74873900292782,0.33530836867335034
895,2.6674349921738885,3.9611581319862927,0.5130674181897166
896,2.971100632357359,3.8846432353874008,0.4320682889517163
897,2.8085426664044975,3.961597344208145,0.4837277469265799
898,2.8902474314546125,3.7038063450588115,0.37104610685166745
899,3.1870238297899958,3.898417720339867,0.3728559497299865
900,2.9886013209431495,3.852807581310007,0.4249164867277166
901,2.5748036672897845,3.7788562179985616,0.46366192957702895
902,3.3899243815246614,3.926709889877488,0.40105335745136633
903,3.078991420332786,3.8651818271059932,0.4315621126948806
904,3.0021642851644197,3.7444814592415265,0.43936750866427354
905,2.9526027068643628,3.7425848441378524,0.4519803871266592
906,2.998960778951507,3.7478970307277755,0.33696840361941477
907,2.968033253566965,3.844977687953454,0.41286100448366375
908,3.0313222814747225,3.88936869404053,0.4521628166581092
909,3.308661441568893,3.881004547640512,0.40280941345312804
910,2.7852268378864045,3.851382001572372,0.4760221626331506
911,2.7786114220522684,3.8006600174732217,0.5256732755262816
912,3.307423429349203,4.018434815036757,0.38068384567986174
913,3.2520353971394647,3.8792529038027976,0.36002955892937444
914,3.237958182453568,3.928880429990253,0.42365001106916517
915,3.113443235483716,3.95631563604484,0.3692052305958669
916,2.928109312046295,3.9293277200813406,0.47802501490474764
917,2.883454593017987,3.8396161632029897,0.38717089301645424
918,3.198759461677505,3.9963677587088595,0.4639251085074079
919,2.9085535765730155,4.022636991407262,0.619613889732128
920,2.7010098505118068,3.844209029219854,0.49907287054423055
921,2.9597241971694452,3.8338028736340215,0.4700714292900815
922,2.9539736891502626,3.680759091539656,0.31773714048125434
923,3.470858778897935,4.003457918830804,0.30363782453075866
924,3.452682940482743,4.021486595215849,0.347935640410412
925,3.1852206513071724,3.76742588845367,0.391249881941317
926,3.0944032682610962,3.8132350975471234,0.46564761772575136
927,3.4272912927409833,4.0776133913228065,0.3816590009601864
928,2.9246354774848546,3.9475795940218226,0.5167374910095691
929,2.717132452127069,3.7791444678357125,0.4310092375744285
930,2.89926383082781,3.8554352705155144,0.5028793229717955
931,3.0901516848679904,3.803836532287135,0.4557017649609286
932,2.8409510257273403,3.854567867202993,0.46281172495433714
933,2.4333085824590723,3.835970791211092,0.4780493504574678
934,2.94590812906117,3.7777078938102844,0.33642337930826244
935,2.372255417095774,3.84800079513766,0.5058712233560086
936,2.196854537954036,3.7555028574530467,0.4502127339292103
937,2.5759590830069303,3.8066812384274873,0.5183410670434427
938,3.0948609601560215,3.7746472763097683,0.40883816494561986
939,3.008924289666171,3.9032791361853896,0.4123463122201885
940,2.2823068690276846,3.815431333248321,0.5440117108972587
941,2.787753162398805,3.6551379189369375,0.5198721108417709
942,3.2314254062926864,3.9131829153966438,0.33262726555617755
943,2.979155290385104,3.8715980826047707,0.3963003266406653
944,2.8229647173147936,3.838553354141417,0.4436674178448512
945,2.734487765028433,3.7098113432918565,0.4554644084228386
946,3.0556330812619614,3.755522441423257,0.37491176202196697
947,3.0732078764832167,3.9352386791940677,0.38311729263231464
948,3.22938976588447,3.8034799232190224,0.34907696181148673
949,3.011665011820727,3.884080113227326,0.44294139208472766
950,3.149909449179416,3.872186986628913,0.412966155029342
951,2.832741276611005,3.9043602199068634,0.4875599827182667
952,2.931252839346601,3.8775377479178172,0.4568219709689252
953,2.6098069306606435,4.088002687780953,0.4660245033668489
954,2.9591618971911915,3.8837202119731784,0.44263686469974284
955,2.906482436778255,3.766387795042881,0.47099580692041443
956,2.925727629334653,3.951452134868948,0.43561431155044983
957,2.8443988667546036,3.8510608755691185,0.44108967300000296
958,3.09172352616386,3.819813727598739,0.387144943941603
959,3.1200082863268124,3.921955845024428,0.4391974738697782
960,3.031644769981311,3.8655709470085498,0.38578551578279685
961,3.0262711835508562,3.979924119887687,0.4129651340671076
962,2.96279203935666,3.7660788217482906,0.4118979150273992
963,3.1134890975127583,3.991694862289287,0.4500705367123724
964,3.0938027846030907,3.9657573737185166,0.38572816307838304
965,3.0382717426147785,3.875227294740492,0.4235294321993722
966,3.0984514229765203,3.849850469516709,0.3529029738763262
967,3.0687904979224574,3.7586845869054226,0.35854814145226593
968,2.8330549606691,3.7690660951655617,0.4209669954540766
969,2.7698614304949727,3.8019699382763488,0.5276165074848651
970,2.945113947566422,3.7227598977484124,0.41640342739505953
971,2.63458053481378,3.8091685100283947,0.5808917043103505
972,3.068179450194597,3.8484762651848663,0.38119969968084794
973,2.972467879301408,4.039742510045551,0.36841031313762784
974,3.0758881998454815,3.805388596127439,0.3925846048514944
975,2.921972758076167,3.9418027897036723,0.436538111255277
976,2.4886840919952413,3.8940344144525754,0.45149540035073
977,2.9863690997977885,3.913450955750315,0.4428200035797948
978,3.340469964634306,3.997121529302352,0.3549842020361175
979,2.683613342555341,3.8195580411239223,0.47029233537609505
980,3.3971377287214293,3.9724974346945015,0.45124856512541317
981,3.1681991374007032,3.798382531974086,0.40069828978074246
982,2.887484927526399,3.852767947580261,0.41271624184330946
983,3.200624472283267,3.929790064589314,0.35903844363483145
984,2.960696782848622,3.844996308053211,0.41130541575604973
985,3.0582692954877695,3.9487041902988964,0.42394283695345
986,2.937963914664302,3.8701789155013264,0.4569336360735434
987,2.7555818569820993,3.927258654377239,0.5007158777321896
988,3.055349174127524,3.764477912928646,0.41960376256860443
989,2.9977984113879055,4.024216019298796,0.38487275553613925
990,3.1478224722553283,3.8637754616704414,0.37092613532607027
991,3.020940409548924,3.948450112041831,0.45269972194729596
992,2.866766236747585,3.792530424451965,0.3911115608477114
993,3.094836613206192,3.758970318053129,0.4118317535274622
994,2.6205002583857553,3.8593615431229433,0.43035985031564356
995,3.5334691644733778,4.042980592749281,0.3034553495757296
996,2.455906368844459,3.950339996029475,0.5004920728765501
997,3.1972511118591567,3.9604716132521967,0.3403399808752049
998,3.0720131829289903,3.824552643612615,0.4992047112120001
999,3.2701709396807406,3.9732203001667727,0.45009687866498005
1000,2.9525322423008493,3.8695853308848016,0.4221031592827716
1001,2.871749674544372,3.834101902299728,0.39666864764388626
1002,2.697248235529161,3.67501596416105,0.4662166536915163
1003,3.140120409089572,3.8548218774246896,0.39572749498968995
1004,3.13575407249252,3.887041302780335,0.4129339907495759
1005,2.8120742386470736,3.7478844416501307,0.3459885769739242
1006,2.9389669128294926,3.6563318249454833,0.44974869792206335
1007,3.092501401385099,4.128121725203791,0.4051419856346119
1008,2.905148718531071,3.884527376308496,0.38820571390697206
1009,2.830575776744322,3.832343136267618,0.43090230921166006
1010,2.8202149384547743,3.876791189332191,0.42953254938178187
1011,3.325406330704144,4.010619031234324,0.37951329429072783
1012,3.1507110863883203,3.743835628677731,0.32109788230408454
1013,3.07505706062899,3.9698167378939093,0.4695459411052483
1014,3.2746970938845665,3.9656726191148985,0.42834495666698674
1015,3.381808090138244,3.9718777066848454,0.41011145633331486
1016,3.1100187280326326,3.8731008407468237,0.4192731123405967
1017,3.165771748981292,3.792258674463626,0.35525998111514306
1018,2.8606191037707194,3.865427330205325,0.43905803016267253
1019,3.032013216879359,3.648259430878052,0.33232298550503053
1020,2.934843356313404,3.8979279701524785,0.47023168953639194
1021,2.770623683423101,3.92600410269882,0.4860801039041071
1022,3.3630150034199744,3.9756560917079353,0.3906148840994485
1023,2.543691727820192,3.8611008905670134,0.44415126898708274
1024,3.090618646141925,3.9161675039869293,0.42547935448104574
1025,2.993830514487508,3.8448233012236397,0.41846760613360745
1026,3.1282002329871617,3.899433835056813,0.2929455760739319
1027,2.89964458441251,3.8306126119616817,0.4147201840782807
1028,2.8498233198402843,3.7608752634213065,0.5301907434841826
1029,3.349767472253433,3.9014688449498514,0.3936325276980176
1030,3.056730189837295,3.942689617714517,0.38220463111125375
1031,2.938908511438355,3.9284912996052936,0.4257022002571023
1032,3.1527798162011353,3.9202610922253642,0.3597047353042253
1033,3.1353733993750863,3.9705136274717363,0.4303560763976312
1034,2.7894463648233567,4.0396897073509,0.48595992090575163
1035,2.7074653445459598,3.7467233951668275,0.5017044832085423
1036,2.311657726066178,3.933309601202425,0.44144806875682635
1037,3.3773015869270093,3.9896452354204817,0.4042694791148472
1038,3.063180212278292,3.7858115890341346,0.32960865188881805
1039,2.949091170567435,3.7890784841337237,0.3992962560800703
1040,2.819677644658891,3.908426874963404,0.4375251348585096
1041,3.1624373928160585,3.78513829143893,0.32397223174004447
1042,3.132059611085133,3.9477088759405197,0.44221939946472116
1043,2.634403448181761,3.777250973482453,0.4649792659475424
1044,3.1212185650544066,3.9430091134789618,0.5519228621806768
1045,2.914748850572138,3.8354675434751058,0.4291641284413833
1046,2.9999169464030775,3.823770110420467,0.45341583261754415
1047,2.935614179830692,3.7833919375525085,0.4071823848092878
1048,3.4838310870919473,3.9970512600174843,0.32061814040874453
1049,2.8740613322349926,3.97122921790546,0.5165881568258149
1050,2.9854923942797984,3.9380739591477716,0.41691636235565305
1051,2.5772323999579143,3.899802172106006,0.47835728733848926
1052,3.2645930799745106,3.954415530227163,0.4447097618823165
1053,2.6165325593750777,3.825827097250974,0.546383739282753
1054,2.665720383504949,3.8548379036430447,0.4483106302990341
1055,2.957863975545255,3.974156876220938,0.4561113439679912
1056,2.9348056349183222,3.7905448968778273,0.49397115309049555
1057,3.414637863596823,3.882469140804501,0.2717342179857807
1058,3.185264158741411,3.942558204826106,0.4795511549135976
1059,2.9297449372397466,3.7505144596712965,0.45295451254253194
1060,2.823601769793579,3.8871349907297987,0.537200894683214
1061,3.3081893983972925,4.056944525425143,0.4481038597061006
1062,2.77948317809683,3.72705221878101,0.46658331187504387
1063,2.504706484427629,3.9224741714388793,0.536671212380322
1064,3.05989467404254,3.895156609243098,0.4293697590707435
1065,2.939851159322344,3.8360447173384813,0.4352716430794164
1066,2.49421279474,3.848544952195499,0.49535304528800855
1067,2.9834166994229405,3.877730688915163,0.4303996200569502
1068,2.787639493760772,3.9166628882055514,0.4637930918854838
1069,3.149823358289581,3.8944672645457405,0.36279660994968993
1070,2.853529562055824,3.8545910598738513,0.5231876231263668
1071,2.932224310956338,3.853038233563602,0.4544630242333257
1072,3.2022535470779867,3.9920213421352533,0.44500133235400297
1073,3.133019501940823,3.8462455779565827,0.3958387938926717
1074,2.8854816107355035,3.865266595916517,0.48280297933672933
1075,2.887618799970984,3.794514491442378,0.4955741505580948
1076,3.0315414646729746,3.837158422240303,0.4241076112075007
1077,3.188049916210347,3.9516655005389323,0.45952695429055723
1078,2.9585539699942545,3.763916542487948,0.47686101027391986
1079,3.0816010220092016,3.816798505728403,0.3812961110625709
1080,2.929039518496047,3.9231901306645556,0.49445731948608157
1081,3.064188122619118,3.815205472256098,0.37868595745014993
1082,2.9041866658156312,3.940084197994965,0.4322061833355095
1083,2.7739017650621887,3.941968141797469,0.5214698072420816
1084,2.944115694488515,3.963318951172695,0.40999014543064366
1085,2.8401400085427646,3.8136325873690997,0.45854935519266316
1086,2.869610381335005,3.825345455210744,0.3955848380241472
1087,2.75228412719755,3.8296236346700088,0.4386630982604663
1088,3.181207462598526,3.87221308222891,0.4120596602119839
1089,2.405316607408314,3.783649596626535,0.5169262468989162
1090,2.939811652799194,3.877366567921487,0.3951063790026041
1091,2.672722614034336,3.809222487586481,0.46823086299760724
1092,2.5928709771613527,3.7112773512353825,0.39098206229576565
1093,3.181055369102476,3.927360213252289,0.4196046146722974
1094,2.9621821680092078,3.9988218598412755,0.44306557728865226
1095,2.802670582929395,3.709776604633575,0.3999432697962958
1096,3.4687395787779094,4.028275226485097,0.30957338284555325
1097,2.88018832815991,3.9252431962341783,0.44598360894827876
1098,3.168215488279774,3.9691156704727937,0.4374184861822604
1099,2.826452653384733,3.916096098126702,0.46710459248536595
1100,2.825165178548259,3.789271987416279,0.44580217078669465
1101,2.897869858373714,3.7849622023131766,0.4581205811653825
1102,2.708916427030731,3.832592467117139,0.5448149592445056
1103,2.758215972358095,3.8589479001092033,0.45475881630639586
1104,3.084801528475993,3.884819758851185,0.4128016579211365
1105,2.866009048566891,3.9438660329226276,0.4081034144354357
1106,2.8669806912128015,3.9017746039099417,0.42441122791126906
1107,2.835809764309889,3.9853470362649075,0.4872964360936607
1108,2.677530970609034,3.745028151864908,0.38649786581359485
1109,3.0797351425918214,3.858584289501412,0.4281294544640216
1110,2.696385953365641,3.7040671261319953,0.4183609927357643
1111,2.8274018163258146,3.731908733839687,0.37136860313736736
1112,3.1137354151693764,3.923461384014406,0.4303961045173483
1113,2.599441920855142,3.9314297516340733,0.4329410765109351
1114,3.0673872551650208,3.7689701086341056,0.38603728901430745
1115,2.836880022904965,3.767270699769248,0.39233192933091054
1116,2.9902938469240925,3.868004269201004,0.5187286111535395
1117,2.5610526457599287,3.8587144350078715,0.44067468851663016
1118,3.087946316046287,3.780843979394881,0.3257909791630267
1119,2.9389102185911495,3.905567013513918,0.4847212949118132
1120,2.872520438084269,3.831977488913348,0.5527034284287891
1121,3.1932440998968277,3.9430518813294264,0.34483473137068416
1122,3.052367342030015,3.9051926871724594,0.37718761364405023
1123,2.952158859169692,3.7516000773447296,0.4868636870722568
1124,2.8490596425556474,3.8641048288783764,0.4814415251094675
1125,3.0662269598414476,3.993144233371773,0.43995474534168727
1126,3.2805742653819014,3.9526497466776087,0.41208911418373834
1127,2.466942011466437,3.8002192202602836,0.4507462052992403
1128,3.0261829102024898,3.8680732072264354,0.4867931970833593
1129,3.1094767313551093,3.9382378432593947,0.33870562823873396
1130,2.9792064608987996,3.7479131510860904,0.34434349736452396
1131,3.024438408726304,3.8899962106221446,0.481229002796968
1132,2.8488153760438406,3.9658293570745626,0.47600602312082557
1133,3.1286702345984856,3.8867552180786316,0.41363758341709495
1134,3.36350414390298,4.06051870795327,0.4358602746865098
1135,2.7652056106832417,3.850814899520263,0.43064733159469526
1136,3.037766684433026,3.776953531012931,0.4215260294290032
1137,2.9618425925909846,3.8167503029066823,0.4862860331724706
1138,2.994643319402067,3.906899116230129,0.4776347834168115
1139,2.8654819067234656,3.8642619652483434,0.5093259917716954
1140,3.1805797170372148,3.905876001314686,0.42142047687548
1141,2.4533672285352823,3.762593907045706,0.49202932427091395
1142,3.1853294118063356,3.763672707297798,0.4001534163111375
1143,3.0024485411247817,3.789094155724409,0.33095214471873574
1144,3.2340696037875754,3.9776307335576893,0.45815022408593004
1145,2.813879982325311,3.9389027585474654,0.4599347242792258
1146,2.779319435671817,3.7304770913359753,0.5312443199524399
1147,3.130905995751723,3.9922265057766113,0.4291802136735652
1148,2.6504118493138664,3.8355201536325154,0.4972799340293661
1149,3.083734505912474,3.9383136747084273,0.40557718156041894
1150,2.9176568802530585,3.8236625802688566,0.44727051726861755
1151,2.96606469020937,3.812428941305035,0.42869950920978994
1152,2.9324446418813213,3.999737675204193,0.5094638934831744
1153,3.3395180969441007,3.89552219764096,0.33892152883813875
1154,2.5958583297986912,3.7156185037185803,0.4704853281877254
1155,2.514592860895461,3.88737242660349,0.5284996808864094
1156,3.117779487342094,3.841109728134754,0.4455144402530739
1157,3.2667810027014985,3.9435248497326567,0.3330919725906201
1158,2.973589090466673,3.9728531350627323,0.4784051754841633
1159,2.7610618870002313,3.7277951592377288,0.4720089984687488
1160,3.1261953008639645,4.059113133710597,0.4397780798102402
1161,3.175424354334398,3.934990099250776,0.4044765077993164
1162,2.9069792920978945,3.8676069158916317,0.5364868399494387
1163,2.8192622237918235,3.738954886614415,0.41947941531928307
1164,2.4491820533439093,3.886330702003766,0.47568497605074883
1165,2.751163879746574,3.8029243941604864,0.502844452628139
1166,2.96774702367359,3.922221119950261,0.4531435957009793
1167,2.7224693721804383,3.968541047598259,0.5437358707763799
1168,3.2939035217583195,3.8296335620657467,0.3280498028985976
1169,2.6016664820750317,3.8014007471128064,0.4231729081038694
1170,2.3806862350732017,3.703279895292083,0.670763481419663
1171,3.2022148306309237,3.939696817781227,0.3514522881499702
1172,2.9101215965246876,3.95492824907097,0.41937599003141696
1173,3.0299939069309225,3.891448728231171,0.3841740945469994
1174,2.436496219918627,3.9501667797726805,0.6337201927530264
1175,2.744243867590658,3.842019106292488,0.5091286816996494
1176,2.6704183703356557,3.7721057859990053,0.4325035226922598
1177,2.751854238993855,3.843712443516857,0.45978383611507073
1178,2.9359769783334237,3.8568966204423787,0.43906648890200584
1179,2.617191693942205,3.8425010458079987,0.4560934482971583
1180,2.8890979973294706,3.829794688144905,0.46456843729459635
1181,3.273455678028327,3.9516149779898604,0.38918034831822124
1182,3.2468124993772243,3.9156472632535304,0.3068897802054014
1183,3.077320911279342,3.9466059574149455,0.4714369535498179
1184,2.9802786096862826,3.8003579443761697,0.417437262678184
1185,3.3075104105280806,3.899775983377923,0.37911483955532815
1186,2.806727732793605,3.9401781609577244,0.4925035332633928
1187,3.23647084850335,3.880363653408328,0.3883362645221283
1188,2.8059126868217894,3.85375230931909,0.4435675809101301
1189,3.267971266800811,4.042376071985658,0.48530146192177154
1190,3.2955991603155055,3.966250529779007,0.37137983077150843
1191,2.8759638753050467,3.9330672587746434,0.5200318984629017
1192,3.0903300484310288,3.8189499837888716,0.3282657031355163
1193,2.7296349924000882,3.8036577530860884,0.5564393812573389
1194,3.059398275335457,3.9185107798269456,0.39498186306444644
1195,2.786185152984756,3.8241513295124494,0.48972716867721944
1196,3.0478476389324194,3.8694629669008904,0.4843379713057286
1197,3.141582771536989,3.8754630407057755,0.3987647856182794
1198,3.0587574388600496,3.869966551494063,0.4351578574090322
1199,3.1539017326549157,3.923922526634727,0.4163731367706535
1200,2.934045550058014,3.7637401405821977,0.43106907525341165
1201,2.773879424413511,3.982475682055875,0.3954528592186334
1202,3.2231713619591447,4.01283160712824,0.36214347246912326
1203,3.1539068211982104,3.7988975913575587,0.39517246234223113
1204,2.4725833036707416,3.8129218316514857,0.4816451433375289
1205,2.7935463592399103,3.894297503246332,0.41082731541818734
1206,3.094740716128296,3.971931158615797,0.359652629135939
1207,3.25320166300542,3.8758508995352816,0.3906354112519202
1208,3.0831999308927562,3.825884497313621,0.43886998526904325
1209,2.9447775742125915,3.9484930742055746,0.4322524911867557
1210,2.902597424017053,3.809308540153896,0.37623374119487923
1211,2.602685101470722,4.025737306013719,0.4340667934614689
1212,2.634309622234561,3.845952596324256,0.5227453801805311
1213,3.120121554381417,3.697303548940451,0.4319399760930583
1214,2.750521736826308,3.972079093749099,0.4570756716391651
1215,3.093481887191463,3.9495645152114918,0.40734942952427944
1216,2.8705844347196816,3.845116383739124,0.3493006223000492
1217,3.3982745796975737,3.961015540977407,0.37543007661543376
1218,2.6691089611708456,3.8220501762227173,0.4007973056793507
1219,2.8472458123864595,3.831004849661123,0.46704680017242955
1220,2.9852520662225874,3.902343178554791,0.40055842502410033
1221,2.9916328016028495,3.91838688720708,0.45011644180693416
1222,3.054424105467546,3.8367953222312368,0.41580729165002855
1223,3.055887739598925,3.7918657231338275,0.3447698078000519
1224,2.692956506617594,3.6676356709751565,0.43436760608698527
1225,3.298770234959268,3.893729216036066,0.3179368452898262
1226,2.9911291577144996,3.7534883161863632,0.4683118164596141
1227,3.2323955908325175,3.9357101313579546,0.3428990740592905
1228,3.027005970647823,3.8311067181128013,0.416995598959041
1229,2.6270843126855405,3.8842810052669643,0.47978397574714066
1230,2.929452366926203,3.899430743544769,0.4596392785793291
1231,2.9879047277398705,3.8916991596801203,0.49895300299062795
1232,2.992162598266716,3.8278797533124473,0.4293024601423225
1233,3.09690600509615,4.036544113974779,0.48335905926739753
1234,2.91413396984654,3.784593154487142,0.5591171789462474
1235,3.384914506573491,3.9202722720095915,0.3415596078317607
1236,3.2111931189186786,3.7890960750498595,0.32459094627478746
1237,2.3416646439076922,3.738401146614623,0.4900987504543736
1238,2.5782686734612312,4.015886899899879,0.5180272135331326
1239,3.0174434338485074,3.839934452328339,0.48354121406713946
1240,2.8013033295894227,3.765929623603454,0.4519334910013679
1241,2.9407376385080735,3.8882874290538387,0.49626555149174983
1242,2.9126770401248168,3.7930956702954086,0.37011715931331673
1243,2.687574633697007,3.779858672753045,0.5343365328599241
1244,2.8920247723193016,3.9491699005388243,0.42347614229316477
1245,3.101548656593068,3.85110174198456,0.3691685012782236
1246,3.163418133832442,3.976498650001046,0.3591442422894878
1247,2.960531646485876,3.8728341364851175,0.45298985482543613
1248,3.048444398502606,3.8726456768571893,0.40087711792823283
1249,2.8716676890577073,3.9855740697232878,0.44955148627049224
1250,2.934084023907979,3.802174879120402,0.4588021989802537
1251,3.196938159712752,3.869475801893813,0.37114458619884677
1252,3.5260286581530083,4.0756934102859725,0.36799677346199267
1253,2.8681446340155152,3.824921318947531,0.4976495847939587
1254,2.6981418761899234,3.864198151783689,0.4684959165176697
1255,2.6596496737146236,3.7523245602278466,0.49418832473773683
1256,3.0254677492249975,3.8689534470283897,0.4328263149619823
1257,3.2435227441087235,3.997968253835175,0.3784144802652563
1258,2.6515689988437474,3.9004756392028255,0.42981010718435525
1259,3.3886496533647996,3.975090963589163,0.40853577268178964
1260,2.5971121960788546,3.737744303623852,0.45767084718515477
1261,2.9068679616339286,3.6767965495679276,0.40610096038224625
1262,3.2413036649062335,3.7688691584224654,0.3303491374121877
1263,2.4913607751988263,3.8674945337301128,0.605665838886032
1264,2.8571968845564033,3.9266952645703515,0.47957287785916786
1265,3.075339479185463,3.9453625804751082,0.4542623671935068
1266,3.057043088253885,3.723174738200404,0.39789096442167216
1267,2.933022795014602,3.7620787247654204,0.4296525814953452
1268,2.7910081487914966,3.9926696713696623,0.44739077614677925
1269,2.833033470596436,4.015366361617854,0.5020209287732011
1270,3.292939808414149,3.9502782276905934,0.36660209796653126
1271,3.0504638305218794,3.883535943732436,0.4780339271199902
1272,2.7978398292897166,3.8306159015067482,0.45106938057783696
1273,2.6463140247508425,3.8142736008412497,0.453259403233555
1274,2.6031970219673917,3.840320571404334,0.4217531777784818
1275,3.4793970922290858,4.034489976060712,0.3914241426980187
1276,3.1938402663749783,3.9639576539944663,0.5073845766739254
1277,3.0441607400850574,3.9503207907036275,0.4492466898607322
1278,2.924273672595014,3.780084494940191,0.43748739100935236
1279,3.168598825324319,3.9024194614588956,0.38533219627895743
1280,3.2497618432295234,3.884388063210761,0.3606415000149899
1281,2.8909180776565666,4.023264680367863,0.5347687326977911
1282,2.9283196876808653,3.8851414630938037,0.37374759988457124
1283,2.977455530681696,3.830569207265986,0.3836730658801293
1284,3.0772207916210825,3.9893637826967745,0.5116038595368513
1285,3.036945484319388,3.926505784571273,0.41291564790135105
1286,2.8760999698507996,3.7900217449555034,0.38463656876058405
1287,2.57850191067045,3.986952752974531,0.5535706154789388
1288,2.9490939406859873,3.85246279486658,0.42625735279566346
1289,2.884022481352489,3.8010083782530404,0.4613804724572218
1290,2.5623779635932533,3.752649491021252,0.40219980449011117
1291,3.109121948660184,3.7827983449567837,0.39435513244584247
1292,2.9817064658021444,3.9790247694070855,0.44038317784228287
1293,2.730745779912722,3.888866440145117,0.4954745430954735
1294,2.9473374580325236,4.0848012900102635,0.4936650534516812
1295,2.7665437736461977,3.870777049179456,0.49517334079766223
1296,2.982908082023229,3.960442481337757,0.3841471515992876
1297,3.163837088120115,3.852108907028281,0.42281498376889803
1298,3.0736369356201383,3.9817577964155695,0.5046627149424505
1299,3.036448854093161,3.7681530773422023,0.45078544834634876
1300,2.89886914949212,3.9053951537256473,0.44527737529819444
1301,3.0317958294245027,3.9483769978251955,0.3954221642322753
1302,2.6537480300318417,3.8991173383151723,0.5617703264315642
1303,2.483198013056318,3.8624158422170334,0.5933400202807566
1304,2.7104079259024125,3.921404535960092,0.47063203735542264
1305,3.0492879027896302,3.9007124564769824,0.4151645325679621
1306,3.131533288114281,3.8836110711392604,0.47215708955332986
1307,3.038217749110825,3.8063180810055215,0.4888396077852033
1308,3.1291945264466188,3.847561165739314,0.39474666799642116
1309,2.9129749253270503,3.9813044202731778,0.47733213548280684
1310,3.134379967432319,3.909062993411417,0.44900355957337823
1311,2.8182242627452756,3.8444024276662416,0.42525390244394123
1312,2.4840964281919886,3.863403399096526,0.4178036894271247
1313,3.228575416759978,3.7888199311846917,0.34424844511014774
1314,3.1646121489509063,3.959054231062472,0.5145328514623448
1315,2.9764115380301766,3.9176026441952283,0.39377598153139204
1316,3.070667175681727,3.82803993256851,0.3532612982949601
1317,3.0567982871978963,3.8962142678022884,0.3857630588161933
1318,3.2439994173062003,3.9598562954774077,0.3953327319785541
1319,3.267004207818372,3.9926201895596836,0.40868120690026466
1320,2.8013735118294822,4.012193225265946,0.5171755055720983
1321,3.1648270922883124,3.8864267020341368,0.3564533682853554
1322,2.600410837896936,3.8571010132900714,0.5877892944322977
1323,3.0405427340282976,3.9570135067406533,0.4092713980329929
1324,2.7830181409960684,3.7269594732706226,0.45915634259974086
1325,2.9068445788053467,4.019619410011994,0.4366867002265879
1326,2.8188433507049346,3.8024662507977123,0.41161195746844237
1327,3.1755756673953917,3.986626986629427,0.37293461165791864
1328,3.2370951145187754,3.774343951666743,0.3566285118102915
1329,3.084610933090138,3.8447234769860517,0.33852947875442085
1330,2.5087098661580134,3.874364904056058,0.4430906948616468
1331,2.9887622200661124,3.8824157536506285,0.48460890656220984
1332,2.7021691729942146,3.912059850166432,0.5239184371374347
1333,3.1223554365299746,3.882067011646579,0.3775030035049159
1334,2.8446840041370383,3.7933544650270474,0.3885216696089107
1335,3.0817665027530716,3.8908747551248246,0.37602305339431724
1336,3.166647440487357,3.85342090113313,0.48828151303564615
1337,2.9892630071156714,4.008349935749374,0.41688663661938985
1338,3.0968372324303295,3.864506197674082,0.3870558095699738
1339,2.739438411515473,3.845320544401815,0.5319346072868759
1340,2.8107906769666857,3.933178338449477,0.49600477022124306
1341,2.4731927007615733,3.854864251907272,0.49957704366551964
1342,2.9125227691713693,3.7457384405963023,0.3541198316713361
1343,2.7544131960680196,3.8758877150359816,0.4893935064228287
1344,3.139171295144229,3.844106045473067,0.3769005196637827
1345,3.101094954162327,3.973292786635372,0.4717944907978561
1346,3.1147741823626878,3.966133615096537,0.4124674010265387
1347,2.999959903591929,3.7753689220656854,0.4586027979093919
1348,3.205285888613876,3.913175055219242,0.3611223426884007
1349,2.8172180352700806,3.8510288682650535,0.48566342625771053
1350,3.0056100921304725,3.874681585278351,0.4550511052362416
1351,2.944769022349737,3.8264866736997982,0.4275791485286703
1352,2.743343662265466,3.833953719033881,0.43291989910377654
1353,2.193291702851514,3.7948058734308776,0.5482543257387034
1354,2.9830041646636123,3.950864482512982,0.46856718485741744
1355,2.64582003790912,3.870599437900437,0.4453907310867805
1356,3.2832095663969527,4.092184571564465,0.400214829491036
1357,3.1421422053783825,4.001292373508277,0.3887326220991576
1358,3.0975684209771943,3.905227415069991,0.38339483838347027
1359,2.9016129159925454,3.853235437458205,0.46384866625307364
1360,2.98127851599897,3.771784613738031,0.35624677336323296
1361,2.850535815210276,3.877904586503336,0.4780583624637542
1362,3.0839201020263087,3.91159418617212,0.4333029194784108
1363,3.0472325955735617,3.871416854649602,0.5187234922212363
1364,2.7465867560679196,3.749493431789453,0.41661253906682993
1365,2.8338561038309225,3.8410303375180965,0.44438380982910153
1366,3.1386688108751795,3.955185016746365,0.3491547339687763
1367,2.775864537817449,3.8068518126649353,0.4533855715225588
1368,2.663716317487601,3.71055326613633,0.4486054050222502
1369,2.7203131283423425,3.8505133944048286,0.43365500826644876
1370,2.923993169243428,3.8732271529298234,0.42539071958992025
1371,3.18563698293235,3.91916854599321,0.3905145254497248
1372,2.8083897489325804,3.8901375615222316,0.4148666551047357
1373,3.1597020498844834,3.911304597070152,0.4565312452524038
1374,3.171439884580971,3.9612457416133062,0.5080618940292845
1375,3.140567603675428,3.8844502703874997,0.47557438955112624
1376,2.8949560777414654,3.871052921251801,0.43953396680657686
1377,3.1738630512624484,4.0902706757909035,0.4597121503016322
1378,2.80867131864812,3.982934039762788,0.458248465581673
1379,2.8905274970975765,3.8012887636620167,0.4410121969046714
1380,3.0963954471690283,3.833697567904437,0.4214768771256737
1381,2.837794015550668,3.867011490588985,0.5664685338842149
1382,3.201638923780666,3.943154114091561,0.4025353339185591
1383,2.7165985357797933,3.9485045819810143,0.49783122696938387
1384,3.0101309290002476,3.8535641078566534,0.3700562506618911
1385,2.8926466176989396,3.8820375973954446,0.42436487507595083
1386,2.929120272994661,4.003840236783635,0.4903629797553075
1387,2.6828858602724126,3.769191428074013,0.4829774036847072
1388,3.1340209376478283,4.0245765555586726,0.4307555014965889
1389,2.7506733067538276,3.8266460552631654,0.5157502374149109
1390,2.863469970384742,3.7340584115885584,0.44331693297016594
1391,2.0874817786807807,3.830199722253005,0.5082537675163312
1392,3.0811875299717744,3.865795911128985,0.42835429603469555
1393,2.9869304531105483,3.7528950390461984,0.4981063363334879
1394,3.2103458194244205,3.8261323570942687,0.3826130141142657
1395,3.22255119559377,3.8834975984391393,0.3321631051231913
1396,3.1237463321589556,3.7720923309120655,0.38805773389282683
1397,2.491251307452301,3.770494775562326,0.463935039543425
1398,3.106087330151451,3.728435664428937,0.37746022912436783
1399,2.7822324060208024,3.922180116991237,0.49365347652720076
1400,3.2576219360186323,3.8978164218180202,0.38973672268832793
1401,2.875573986290819,3.9646634698130807,0.470148078879828
1402,3.1824080899522893,4.0002727470831125,0.4279041516561402
1403,2.8404826060821904,3.767377840081976,0.41541208981350436
1404,3.1201898874614935,4.0530652456616405,0.44042632187143205
1405,2.6692832229500176,3.911062814824255,0.5053696951046053
1406,2.8005405810056576,3.889346397195829,0.4659582939129515
1407,2.827484992102599,3.7898632409978363,0.4275698169306854
1408,2.527904706317632,3.76767199025805,0.6073207171579315
1409,3.060746802919293,3.9297084702064335,0.47156913101992576
1410,2.762294100249515,3.7657698392888137,0.5221414882843579
1411,3.0161832544988365,3.9602465583430955,0.451809937045229
1412,3.0944991840686473,3.9759340051913807,0.43247163275898665
1413,3.292062266751664,3.9018290611252557,0.34407005523968004
1414,2.896143344894422,3.9997055876556726,0.47842214373740927
1415,2.7945601897530827,3.8087324717303668,0.41162113943141737
1416,3.05582369108312,3.817806468254786,0.3696759792426812
1417,2.811366167959101,3.7830760710173497,0.4085442791775414
1418,2.828310435802655,3.9009090615482593,0.51298335582576
1419,3.0315049560957763,3.776823067286282,0.49858737792364216
1420,3.346297940841508,3.8501840527244564,0.2757557666806081
1421,2.96128557484935,3.9204081821738503,0.3815691824440442
1422,2.422379630364775,3.6225344240004365,0.4817393690168906
1423,2.8487326767397527,3.9840210646958734,0.40303962670888155
1424,2.793260449098806,3.7612997630018477,0.4082014854245895
1425,2.7114469285384843,3.799217908328436,0.4082084519906349
1426,3.1362816958701005,3.9506555313004124,0.4384923233349458
1427,2.7074277653067234,3.885734477289387,0.39324721458792283
1428,2.767025862707563,3.8709386966610473,0.42406941874502496
1429,3.006244314840542,4.008366922282964,0.3743869930443163
1430,3.085722977052426,3.8625106050932927,0.4407705609748122
1431,2.9195643436592986,3.9297220320231214,0.47524363718558915
1432,2.853691165547665,3.7780242989884054,0.48660065849664697
1433,2.939418518967897,3.8406298677659882,0.48285806213085114
1434,2.5742420871838627,3.9183889213706027,0.5770919079116734
1435,3.1676032040187274,3.980563569613872,0.4189036232084157
1436,2.8605982147319042,3.7389380719049625,0.37669716835571443
1437,3.115885181407292,3.9384678895307754,0.42871326706033297
1438,2.4050278070076168,3.8916972072629417,0.5633125061435165
1439,2.847111094566399,3.940620112126792,0.4529922504746853
1440,2.8352804265834806,3.8399702550131645,0.43622568554875213
1441,2.84260297063767,3.8855784136726332,0.4734181543216399
1442,2.7967633791044464,3.7558890894946435,0.4325353431997043
1443,2.9590958113043624,3.820469059006065,0.38842912905150995
1444,3.0792533744215707,3.9916224802319227,0.45174162102985915
1445,3.1671782275081815,4.0011442485842315,0.3575842440080022
1446,2.5894370518114957,3.716306278472335,0.5062014540654158
1447,2.9747524255314057,3.7939488228162452,0.3561654435210745
1448,2.977991635404567,3.8347447583369623,0.4986479876345474
1449,2.723131417632037,3.759926630146231,0.49072648886688347
1450,3.113631716554535,3.9231732249516447,0.41702701180575785
1451,2.936080573171339,3.7336172906591205,0.3692718272161548
1452,2.9395180073487532,3.938569074401253,0.42248470002350597
1453,2.975663585338491,3.8256701668093758,0.3993381752001073
1454,2.9700971997679604,3.8756440000901824,0.46090779909299134
1455,2.421189389946191,3.870869544245081,0.5575744778100371
1456,2.871923429386097,3.8746436853679347,0.43784572624368384
1457,2.879542697769847,3.797179618319517,0.3615674940575275
1458,3.237693385271039,3.9682862326890485,0.4077151313859916
1459,2.895988652385216,3.6835298661499163,0.37574078187813587
1460,2.9312479067437436,3.8299437773963403,0.5135695189508483
1461,2.7452290080626223,3.772740750829008,0.4595003818441588
1462,2.8594991778179035,3.8455433702629516,0.49618073487288905
1463,2.899485854786428,3.863795850885984,0.4703950071063451
1464,3.0639568302092903,3.997998961256833,0.3852359919727492
1465,2.9247217756307746,3.8312701558538427,0.40167996024503844
1466,2.8851115446985167,3.872500404981113,0.43781958278957867
1467,2.5792640371503204,3.7604380832659974,0.5394071418448391
1468,3.33059750195648,4.056729934920583,0.34550909821935777
1469,3.1360784826927937,3.815640338398915,0.42985695493848175
1470,3.3465049964105997,4.018163272781783,0.4254133000590357
1471,2.518727189940068,3.860060396553887,0.44110437110264267
1472,3.1964124760732107,3.999580593981535,0.3354468351216212
1473,3.1743630397935734,3.9136960228451545,0.4208461389975876
1474,2.9930460255446283,3.86566767638381,0.461512070043616
1475,2.89463682310816,3.740420894049225,0.4250738235461445
1476,3.010354846072327,3.992813385170919,0.4526291325318123
1477,2.9733337107158904,3.869929103170899,0.4210184421872187
1478,2.7298660399689085,3.901969363648313,0.4587327057730535
1479,2.960847372677849,3.8225320551045616,0.4423589476578937
1480,3.132989747623218,3.9454745301797365,0.459980937412018
1481,2.589522406568263,3.8316121720998995,0.5202817448588481
1482,2.709005170956612,3.816573215698127,0.4933974566856932
1483,2.865035466930102,3.8756175382602125,0.4826841118220534
1484,2.9373567249975094,3.8336520640076626,0.43794741112553687
1485,3.0975803949398655,3.8147228041088193,0.48007067803768594
1486,3.2517583334347195,3.8651019546904126,0.42319575859097097
1487,2.9030529333412316,3.8160029704575384,0.42682729184623364
1488,2.9136133917043985,3.752994460096514,0.40668730732672426
1489,2.5286068673236914,3.8340851332216985,0.514293985581162
1490,2.918075108157878,3.770453064642529,0.3942993789863472
1491,3.001043295023777,3.9201315946714126,0.3840872426163268
1492,2.923949615575741,3.6713950115270677,0.4415656458601491
1493,3.3380236858228365,4.089136976683444,0.37916285115423237
1494,2.914770268891985,3.76514903211237,0.43806230421614545
1495,2.9277176249585017,3.9647666462044033,0.4294739076757461
1496,2.9077266699034237,3.8940746600249714,0.464812076454317
1497,2.975023573650724,3.8722459921413614,0.46160420708975636
1498,3.137140107927591,3.917727000649044,0.4334064378085295
1499,3.118789257239081,3.8081310856178794,0.3777074254530537
1500,3.2050707821284803,3.800212539162383,0.4241452466269989
1501,2.932321750493314,3.7241273744665997,0.4745821648799347
1502,2.837051828236855,3.8753025671039985,0.3649857136236054
1503,3.184570247976108,3.89434019537182,0.35229150064235404
1504,3.1180125001508734,3.9127911740347483,0.4593219082284865
1505,3.088400250223826,3.8957402410961817,0.4448670388703458
1506,3.0827775090750884,3.9214269181217745,0.4467900588137381
1507,3.076575214012247,4.0160516318816,0.4394784686230624
1508,3.3580798012626785,3.910954211262355,0.3151537134926719
1509,2.7941369554005173,3.848315053678661,0.37029069619252925
1510,2.564414408146053,3.8377286219801143,0.5536008863238117
1511,2.9450024811352216,3.8324156414579136,0.37842028776297254
1512,2.7347683337922657,3.82070362040667,0.5647316337340725
1513,2.9654322618463738,3.91091462227565,0.42907536297760757
1514,2.927277350241278,3.789792743834863,0.4271003282217646
1515,2.909431314673322,3.8649099622267937,0.5248025046484287
1516,3.077081597985363,3.9186815626568654,0.536134585229468
1517,3.0502389573686157,3.8539381230936143,0.4086363111245288
1518,2.883122929788962,3.9220237770351245,0.4780599449404518
1519,3.0917889591088774,3.8512498195606866,0.40567950505817263
1520,2.8787688606392554,3.8909499677408452,0.5018999220724857
1521,3.050318615295701,3.8583248564472545,0.4100316616955212
1522,3.0831279587161653,3.8470077129868643,0.4094719714985077
1523,3.078987298723461,3.869585972541176,0.38170191364128286
1524,2.9218602764234736,3.6639627330537206,0.3736553389359149
1525,2.7952043189207525,3.887226757096292,0.45994824270251217
1526,2.7915977975810176,3.7937840655710575,0.5734028156856807
1527,2.836726682581211,3.8615347669311335,0.4955965194648574
1528,2.802930376891328,3.8352629239840166,0.4356751159031321
1529,2.731449520112323,3.817952613857335,0.5015800298807098
1530,2.661332353023709,3.7826533672434066,0.4905267442114821
1531,2.831000637317593,3.858110839856536,0.579352948063808
1532,3.178882800151281,3.9384498600631384,0.4862299268873417
1533,3.3171860341102692,4.000909933206894,0.41942568636502475
1534,2.9224128541174634,3.8189975441790778,0.41970437996747834
1535,2.792016520902315,3.968596974556369,0.47521240119907
1536,3.134126111131152,3.9630940021398064,0.5133674626767244
1537,3.133859661379501,3.885149368373783,0.4342600345768785
1538,2.9828633645733937,3.7878977945180954,0.4225445108739313
1539,2.806393764605972,3.815908392692281,0.39453659936010854
1540,2.8089701967419716,4.003326770283356,0.47700699496868926
1541,2.735621479388076,3.8147166412384585,0.43897462836956197
1542,2.926415607014299,3.900781415315227,0.4217805943031796
1543,2.975188496915736,3.905117302733143,0.4348274987667958
1544,2.8957063266762497,3.7498291279262514,0.4053650876988258
1545,2.928181208947936,3.8456659138210143,0.40578816291574116
1546,3.0895976661881535,3.8437429390486937,0.3274056033622184
1547,3.219727930278253,3.987046561328283,0.4369149322360491
1548,3.078996010085736,3.704722168677747,0.3184999248397235
1549,2.7933776368668375,3.7771886477927317,0.5150825073265053
1550,3.325428733824197,3.9845262474712926,0.3915477415456454
1551,2.8720249632092782,3.888606876322607,0.4106262254130575
1552,3.1044005646305872,3.815698894155959,0.41691362998672976
1553,3.0278083564267284,3.8981337950101325,0.46726213425641644
1554,2.7209059980145445,3.7388186451135472,0.42800842031498953
1555,2.81466523619269,3.7285962813878926,0.5157039060790968
1556,3.0943047080961024,3.858088841992093,0.43516587764465725
1557,2.8438168549260094,3.9829779399069745,0.4466329566197916
1558,3.2123582425764274,3.9191992653564673,0.4494231616708344
1559,2.9724250064112763,3.7890536504534027,0.37047702960541196
1560,2.8761393990050625,3.7867299792925855,0.48334254882039257
1561,2.963165569667694,3.8702384683791107,0.4759066674608656
1562,2.4186764731924226,3.7900884138915787,0.6200241618924783
1563,2.716222659270148,3.783291423861279,0.3805500092023182
1564,2.921806611459372,3.9254968200481954,0.43435622317859884
1565,2.5374965583069597,3.867705699827461,0.5257848322342213
1566,2.7022282699384563,3.7293417295654963,0.45976205196346354
1567,2.904964813923818,3.928623704474208,0.4916920233654753
1568,2.9292024986231486,3.892558191082196,0.3780654728656465
1569,3.0610356783190613,3.888075139929349,0.42631279048564674
1570,2.9596576110055497,3.837440612312097,0.41290847395807384
1571,2.9718809838788918,3.88519024053914,0.5078362943012733
1572,2.8071017952861954,3.897260886520126,0.5186527085371492
1573,2.983839405899166,3.9255983790026163,0.40342924645120964
1574,2.990265711480153,3.86911168281749,0.45849041858345746
1575,3.0764700368882587,3.8330370283074817,0.44146965485650264
1576,2.654645947280825,3.9480702272143886,0.44460296677997524
1577,2.1935333741794247,3.8139578735885933,0.507150912480794
1578,2.3428358226901045,3.8117385863271758,0.43347251255198216
1579,3.0896385875387016,3.8135258011674025,0.41345227492947806
1580,2.827865532164922,3.8888708226321773,0.45704073587520183
1581,3.232543968905227,3.7915145767646723,0.35738946131493193
1582,2.7453480524664053,3.8795564480735907,0.45450790006206904
1583,2.8919497142011705,3.942960658548274,0.4637821928240858
1584,3.2151881239564224,3.828565368236361,0.39912905617297506
1585,3.075040733683748,4.011223695905214,0.4710571663842911
1586,2.905984633939384,3.8856229890222225,0.4614579217080589
1587,3.043057023624656,3.907056838693668,0.541027257702535
1588,2.9529333068941854,3.956171788295603,0.462904313720064
1589,3.145057012818681,3.8927209534059815,0.3968897896402706
1590,3.066494840686348,3.889150516860767,0.41393860604022786
1591,2.88026519733338,3.902254596009917,0.4101034675646052
1592,2.768348915990484,3.935153603943825,0.4586179769754275
1593,3.1403602325503557,3.9003337385687633,0.39632734720382967
1594,3.0735320789812053,3.8379642394708218,0.4825278541151405
1595,3.2090986611258354,3.8561214055736626,0.4095120812826565
1596,3.0494376227250637,3.8961942688524442,0.3461284640408297
1597,2.9669715347922914,3.866569365226064,0.42582841289025825
1598,3.305956381560944,3.918918402393787,0.35637386662632325
1599,3.146282455461283,3.888513475934708,0.38576241620842405
1600,2.737361470351864,3.791914864852643,0.39595161060472284
1601,2.541170134372226,3.8881235291950094,0.5198449064174525
1602,2.980229504606464,3.852678683410376,0.4247067458151341
1603,2.79297005911436,3.900554639274526,0.40430032039737396
1604,2.8604297265688805,3.8909957328440203,0.5023294441924638
1605,3.1022044179757136,4.01706612871673,0.5406005606401827
1606,3.1312834445669226,3.9251147770908816,0.4654494795563048
1607,2.058487349656642,3.8770356390126293,0.5041452876500634
1608,3.0832389475614495,3.87723672010048,0.39783861592824277
1609,3.2168359466488217,3.9477428911282355,0.45822518302609455
1610,2.7366320673150146,3.877036640736011,0.4814026576936262
1611,2.9320936734555088,3.8576395861642014,0.47294654421405996
1612,3.134387129688786,3.7547315359207043,0.3395818448240285
1613,3.135639760637855,3.9415646624257614,0.3613875457412034
1614,3.1887036909891595,3.868805896946679,0.36401840115724365
1615,3.1057390638392546,4.041142976751634,0.5423404173002776
1616,3.1278927302206774,3.8655587411868004,0.36227832142535465
1617,2.976795319560406,3.876064108142279,0.3678856180685799
1618,3.1538321842965122,3.940209471284318,0.4166729444990846
1619,2.7846167808151394,3.951126412275199,0.558273145838159
1620,3.199902983381525,3.8308129700287314,0.3505219439940949
1621,2.878261476962982,3.90812932290179,0.40501180674028103
1622,3.0381012281408144,4.058776298723327,0.4175178374132062
1623,2.9330509987816415,3.8376331881148267,0.4096529200331594
1624,2.641138250086019,3.8156032710728844,0.5170503243964583
1625,3.1814139396805574,4.03303571037724,0.46507413229383426
1626,2.786404140679937,3.758720119358645,0.40544040829577754
1627,2.7385918186585507,3.9268497770071735,0.4053219011938595
1628,3.174453991774799,3.9262952184681783,0.46551465806819453
1629,3.055724471232838,3.8678670267502357,0.4625408120045925
1630,3.0563077367981393,3.8640743600993517,0.43362541729862314
1631,3.0730087190983895,3.8155709435229204,0.4272180729511746
1632,3.0657331059441364,3.908280642578242,0.40689870541436385
1633,2.7483041956002063,3.7473576899621466,0.4464632343505518
1634,2.559713597168528,3.8602237059898727,0.4427942684745579
1635,3.174271726006769,3.9439754489540406,0.34129847177293904
1636,3.016136754523968,3.9756208860837026,0.4458424071069081
1637,2.7819947900771123,3.7013948734542255,0.4258192845572732
1638,2.968339976723056,3.754083143097514,0.4710547302305829
1639,3.0453838015661594,4.018236612440669,0.48034360613683347
1640,3.0239304034744725,3.816088125725322,0.36209235308856746
1641,2.9383175196374713,3.8665381174011455,0.4449463509894922
1642,2.9438317139253054,3.7370076404894093,0.422666869696231
1643,2.7355577928798076,3.8251373177966315,0.4473622994884573
1644,3.1063219410972867,3.883545055575135,0.43750790727054445
1645,2.8694356920834316,3.735476544149776,0.4110701459687413
1646,3.017364369616794,3.7717157729211723,0.3916822147580585
1647,3.1728083229739883,3.9013198628079313,0.36687968531109333
1648,2.8861734400852153,3.8167091204488792,0.4078704165540173
1649,3.1411034964702402,3.9233426433442267,0.4430694732149659
1650,2.8303148497532553,3.958931642062956,0.5016246650086156
1651,3.1767173582458255,3.8397356184335982,0.35193594738841566
1652,3.0473630241019114,3.791585145488409,0.3701516345399709
1653,3.3059128096575208,3.9039444590449905,0.3748254572155855
1654,2.9805484050814877,3.8393589452235948,0.438231063365853
1655,3.2909488285792694,3.8915237219687233,0.3628753403547658
1656,3.014875085861881,3.8339751637353072,0.44536493462036447
1657,2.617943771871892,3.7963993430774683,0.4138729126452833
1658,2.6144214248064044,3.6931234554705994,0.44556565400019943
1659,2.9733327644803618,3.883466271396135,0.3808574355686602
1660,2.984128302507264,3.977729862408412,0.40809088392325576
1661,2.8625792219954236,3.7031994646877235,0.4482197488728992
1662,2.637759158715791,3.9337838902634745,0.5411626585685593
1663,3.11580817148083,3.9159679664112184,0.3868177996376301
1664,3.0004174416766207,3.944735805615635,0.46812889883819514
1665,3.2395604570227814,4.086240646211137,0.3911359965012166
1666,3.2674993894093403,3.961048169693796,0.3585859548868869
1667,2.751159956239321,3.944578889611052,0.5873310229623787
1668,2.784899028023641,3.949637350632936,0.5788418909069898
1669,2.9013546909773305,3.7910718623143302,0.49253799582989255
1670,3.004552459670359,3.80774737056633,0.43115955629086866
1671,2.923832795059441,3.9179685449546993,0.4169583532523352
1672,3.142484224564075,3.784503196229845,0.4623634799900583
1673,3.20711707591818,3.9100101748255547,0.43196362359749746
1674,2.841379432099556,3.8065557083580597,0.37319098548696783
1675,3.1362560457539974,3.778110296323964,0.3988481147447788
1676,2.951155273501606,3.8877307847327662,0.4571187146044108
1677,2.933710147314422,3.837061766908314,0.37609460721553606
1678,3.439942875397218,4.009393549575714,0.4262284274888523
1679,2.924619044888665,3.932463935154525,0.47549472980608554
1680,3.221998763935375,3.847545753242333,0.4238197409139001
1681,2.972491673833313,3.9095372266507855,0.4826787494173129
1682,2.8186476791447084,3.7698252794747704,0.49125294487052773
1683,3.0183356113089252,3.8593774542370642,0.381214371989682
1684,3.064982845294945,3.9663786300470183,0.4713889880173888
1685,3.1035696321757262,3.8686348391798773,0.416311074579376
1686,3.087132593209473,3.924403544855352,0.43873044372489123
1687,2.97095819705867,3.9743835468472786,0.6019856055986175
1688,2.9834300168426653,3.8198695629713892,0.4150328383495822
1689,3.0351005963166324,3.81882363019617,0.6025593835855063
1690,2.959686247366275,3.9083401303601097,0.5203508242655625
1691,3.107391391272457,3.890816976272301,0.47794461254780374
1692,2.3872296305921994,3.745870305453164,0.5077356452590254
1693,2.8573697561695175,3.9526304284635048,0.48447695508047944
1694,2.804438807505657,3.9265007736062505,0.41942266969817
1695,3.168722042669577,3.951468538072435,0.3900908852709408
1696,2.9323379072956928,3.8850746679886874,0.41873087108466633
1697,2.9256935820109495,3.8988489999620493,0.3429882157723912
1698,2.985671733802284,3.959259089082543,0.3688854611673629
1699,2.5970553994379846,3.878274119686665,0.4189683610400629
1700,3.0378378699429787,3.851959667289894,0.33986584415463006
1701,2.8088612997381532,3.6621578988060013,0.42484188822909474
1702,3.012882157378196,3.923184783599573,0.5050155197729538
1703,3.0250074362844392,3.9692464950689565,0.49294858084421894
1704,3.1093688137718756,3.7565903173264537,0.3942998897340013
1705,2.9191249987306316,3.7963587283219815,0.4546503143508765
1706,2.6323114250857653,3.744414965220267,0.5158228174691583
1707,3.3950771111064757,3.982487169162681,0.3278618144284667
1708,3.1616051320266476,3.999332326036416,0.4590524073291775
1709,3.4751099141612425,4.014815500443375,0.3392526654914025
1710,3.1158426683239946,3.9348954668576654,0.45816743422956374
1711,2.9355910101768483,3.893486364699771,0.5027631809438557
1712,3.0086228446774452,3.8246131319590835,0.4267771999633874
1713,2.5989565964346455,3.8576441396156063,0.47728161108948425
1714,3.0603002135729804,3.864410684312372,0.389493919812527
1715,2.963645362495632,3.91019121148164,0.3995572948072447
1716,2.8253017614207847,3.82145362313734,0.38050758301789
1717,2.779077361664322,3.732558541470586,0.39341214588562484
1718,2.832496032559436,3.9143306197308654,0.385259731639254
1719,2.7250572153824053,3.847061020798528,0.46140295614967114
1720,3.107632603497677,3.87834059472995,0.4983570898529313
1721,2.5921184400482082,3.8450861056188805,0.4730014522502395
1722,2.76919350264137,3.9889159279864406,0.4947941539147108
1723,3.014134445028011,3.8504484533309333,0.464322084156083
1724,3.0705659481037357,3.9594800758633144,0.47631337172523597
1725,3.122851200539477,3.9750512442871395,0.46086465514896635
1726,3.2142828606584253,3.954606634205943,0.3447601726581726
1727,3.40062129084697,4.067572077807528,0.37878742812434923
1728,3.21066726248265,4.097713472022402,0.41316810935756365
1729,2.3872544059570044,3.853603564351058,0.46932104231418525
1730,3.1430143961216497,3.746981240533193,0.41207551719591884
1731,2.54853737670446,3.8322993212973357,0.4618788623056853
1732,2.886230293508907,3.805074529062465,0.44690493086427746
1733,3.094234363861248,3.897397256300277,0.4640526687023144
1734,2.9359825824527443,3.910240626415187,0.45701715100924173
1735,2.791615290451744,3.897805709333279,0.41344341119289785
1736,3.0457441607362976,3.9604661008027904,0.4368895459900378
1737,2.474710012882991,3.8899871402279955,0.47549448689825347
1738,2.9350958792891197,3.7392619886405662,0.5449323549146704
1739,2.8562141479267433,3.9157773992161924,0.48929006947761483
1740,3.1218167126834047,3.880796033227665,0.3874442504640109
1741,2.7502000348781004,4.015304102638106,0.5233190248100748
1742,3.1102397483431092,3.8738367421703646,0.38314759680174043
1743,2.9486479163476673,3.8597920448991387,0.44171803684462746
1744,2.911651957336535,3.8015164081879926,0.4175030688230426
1745,2.793580066582109,3.8586779606990294,0.4111632427245483
1746,2.8663218181425583,3.855954490818074,0.4453316804430764
1747,2.936120917816792,3.8892705831629937,0.4791572441119955
1748,2.9700910393354665,3.9994368489361305,0.444546836389925
1749,2.873095439111093,3.9634509906188953,0.476718101756387
1750,2.9360139416184623,3.787823144256801,0.39418033239703804
1751,2.904857014854106,3.7674122447075926,0.46198549264264166
1752,3.301481241079918,3.9374965299322477,0.4208875205910195
1753,2.9094651454385407,3.8419645927957644,0.5058198109250094
1754,2.9015152160323083,3.822193426149755,0.383105155555733
1755,3.1906976367539426,3.8725027282254123,0.465471835052517
1756,3.125207672102943,3.7827710138370856,0.41401656558289057
1757,3.1940417954738676,3.9846512847843676,0.48224043041570036
1758,3.127159913931104,3.775171149262186,0.4482172237787817
1759,2.667324315186892,3.8712668375463237,0.4458328764651673
1760,3.168147862396644,3.9349370475608993,0.519553263889561
1761,2.8720640351628846,3.844676977466617,0.5184949204003809
1762,3.0719692807881795,3.942489975193594,0.46354874573183674
1763,2.9676787817358545,3.9756629823912992,0.537284631203055
1764,3.0297091419402453,3.7715017490005853,0.3517898471293964
1765,3.2299727390720663,3.993393534867561,0.41926829867882115
1766,3.0987296493011236,3.9227365868220687,0.47639078528018125
1767,3.110741554899204,3.839634897281729,0.44421257589913643
1768,2.6311401542291826,3.957515371900057,0.5438775424015047
1769,2.9367633731052725,3.8438273579014637,0.41354757876600357
1770,3.0450146067944273,3.8449564757434445,0.4008991128548245
1771,2.9879314983398024,3.885596420397579,0.4533534276765375
1772,3.038002710903294,3.982903424784431,0.4852490805513419
1773,3.184775064003051,3.8614115792224264,0.3894524860487242
1774,3.033919938141149,3.780566885529073,0.47213321867265845
1775,3.1128953880371517,3.841124060691171,0.57249584355334
1776,2.3228827978447724,3.900848395130805,0.5169991192472922
1777,3.1254042694702,4.002929968910484,0.3713014912730966
1778,3.2028421850812805,3.9318502151140478,0.38528153240434493
1779,3.087331004336233,3.9677373075311824,0.5059502427698889
1780,3.0654196392368656,4.049093073726987,0.4246496098999358
1781,2.7201243889992566,3.80349170744297,0.481252984684709
1782,3.0918231710986515,3.9286037930451676,0.4274817485786547
1783,3.0352584884499834,3.8363930681096057,0.4067442891355845
1784,3.244792587196446,3.795870203914089,0.3654404342772008
1785,2.7743395175045897,3.910788035578677,0.46532608399683756
1786,3.2814956577121523,3.920881031466989,0.3860177791138128
1787,2.7337437395414654,3.9314109609081,0.4789935590976218
1788,3.238669279194358,3.790161447836581,0.3608586996176935
1789,2.761065728161293,3.965349114774213,0.4854706802497993
1790,2.8298972742699524,3.876964098251086,0.5211973661553992
1791,3.144582250016912,3.8987172545857285,0.35593948020459926
1792,2.967580068364044,3.7007667323203726,0.4603636468765923
1793,2.875511967332505,3.842553240859719,0.45422704900499455
1794,2.7460281025310223,3.9345982522105514,0.3985941244904627
1795,3.036826795100393,3.844875923174876,0.4488471168629295
1796,3.040606181635851,3.805742592997634,0.4723456596083298
1797,3.1036865207039193,3.716227464036507,0.4079873295987697
1798,3.405243109693874,4.117211661200196,0.39914500461319197
1799,2.877886752670163,3.7789721136549805,0.4835048869818043
1800,3.0274490891597097,3.885043577258585,0.423317405129603
1801,3.0846869826331185,3.9176938699697437,0.35083793977788935
1802,3.2537473153050454,3.99625400835836,0.361066164688508
1803,2.7737147614381685,3.9580126100110147,0.4358123374347758
1804,2.711690933543383,3.7946522824755333,0.40712749297438555
1805,2.819086396427703,3.8143805359378855,0.44299631860484884
1806,2.7965331790155337,3.816567903762379,0.5018857920420476
1807,3.094220939133428,3.6757756979048484,0.3978828793576285
1808,2.377031291903504,3.9230133353344887,0.49805715924759714
1809,2.926371332962475,3.9310821191245546,0.4387449207770121
1810,2.8129323077546333,3.733359890916489,0.4702899577933068
1811,2.916403401095789,3.7283646055153565,0.34416256447317267
1812,2.5145287295399177,3.9630635655635715,0.5265911248386014
1813,3.010707780273612,3.8419667525794585,0.4642436403463822
1814,3.0737441477159475,3.786395925549882,0.33287592350520817
1815,3.051740832230884,3.8642401590637676,0.4595864603101226
1816,3.0619912594965584,3.9462775118194107,0.3491287488298246
1817,3.444503002297056,3.903359339636349,0.308146042657691
1818,2.802394454659291,3.785342307812108,0.4319850933707841
1819,3.1180174751641494,3.787790955398753,0.43802409131453396
1820,3.059908401429203,3.877896318024926,0.4146315744666305
1821,2.7891672243092507,3.87201692265457,0.45819563739654
1822,2.928971438709845,3.845622082032544,0.4056169792794905
1823,2.9255256946559585,3.9461133662893553,0.4587810263214406
1824,3.10873780218637,3.84472454856684,0.43903141600144363
1825,2.9223864365393792,3.8999665825871555,0.42420180250501166
1826,3.1465807124254983,3.734851864168342,0.3873468678723614
1827,2.77244820510712,4.012922135633375,0.4823831337558137
1828,2.6820977527073278,3.8568232690682525,0.4979919974537171
1829,3.0722797424614705,3.965559687041648,0.4841822839919586
1830,2.532268093462032,3.785307425727949,0.4994692051674105
1831,3.0223594721840237,3.9075677869539143,0.3829683618012442
1832,2.669262420991891,3.8353174662514413,0.4926645717951366
1833,3.173854699608405,3.9196811324253513,0.42015606404136846
1834,2.754287292602648,3.8645039135775954,0.4743658173489016
1835,2.9258260840342256,3.7517902990744214,0.45262921649919013
1836,3.0845247265340885,3.7277800107999273,0.32499817246128515
1837,3.2177363682804128,3.9043317008187484,0.40186527927874294
1838,2.886459890489708,3.7726887701789087,0.44593526359052493
1839,3.1593601865126675,3.8390630518740414,0.34355723297888124
1840,3.1068821728057108,3.8418292344777583,0.4819846084822223
1841,2.92494900265642,3.7705211452033898,0.4111386345329646
1842,2.638791202958842,3.784321809713919,0.41663684539267654
1843,2.9626208759606354,3.945935937896746,0.4232846420179134
1844,2.782235604200515,3.976033803950234,0.5457429890492226
1845,2.9879610704860644,3.9355001038509014,0.39413552982519373
1846,3.005129378447484,3.812211202322647,0.378577103563686
1847,3.0221829032813505,3.8488607992951684,0.4156847707202286
1848,2.8376199604107324,3.9003810999124293,0.509367948312416
1849,3.005477030852029,3.920261356385867,0.37656840007577763
1850,2.903718494931519,3.926085162563123,0.44555210824903835
1851,3.236031076090762,3.811188836535823,0.3543059271865081
1852,2.787398043039666,3.875062104493544,0.42669166698031313
1853,2.994962606306102,3.7874333804345084,0.45928664178710477
1854,3.0580256431360544,3.7832534950414773,0.4863975475778037
1855,2.6718418218959634,3.7853688503363916,0.3864026593131683
1856,2.78711683101089,3.88658388823338,0.5115874531548127
1857,2.869800904927322,3.789541136417716,0.4043269325918956
1858,2.6494145559122,3.8401518793990914,0.35582753752131546
1859,2.652981335663495,4.017227792137617,0.41274781522443493
1860,3.1531002642099777,3.912057418600709,0.339849012404478
1861,2.973390203797436,3.891144464014942,0.40723390140320714
1862,2.8916873525325744,3.8249065135100904,0.4717864976490014
1863,2.870374437882856,3.843969126979924,0.43481205840638987
1864,3.0799434656410707,3.7816965543715777,0.3308819130071184
1865,3.0611946421326666,3.907133799851177,0.42336643104567284
1866,3.0455493434987226,3.8132679795947055,0.3459872058296026
1867,2.673589738503688,3.9053512924748666,0.470316500603038
1868,2.848588551995549,3.8858420991107065,0.43476426536593155
1869,2.9146159639607583,3.971854901369811,0.5141942614343326
1870,2.582498014788925,3.79718271397097,0.5524665970988288
1871,2.32011499784811,3.7776669740788242,0.5062847598807022
1872,3.376048632048177,4.013753514234073,0.3733175797217598
1873,3.102217227009105,3.7923805429313986,0.31481057808121987
1874,3.1301270778529866,3.971828676024275,0.39030646122159635
1875,2.986851832036557,3.8028791963090867,0.45307691320257065
1876,2.8778515885106164,3.853385387680391,0.43323014956079375
1877,3.2901095143781505,3.97311239726196,0.39896051130534654
1878,3.0163129041968824,3.8466229298538717,0.4710190478628298
1879,3.3444415032602177,4.022104703447375,0.36946372364924107
1880,2.773195963574856,3.932871828450266,0.40409330911324715
1881,2.8986776625068433,3.718258281386931,0.38980628649532556
1882,2.572552767185179,3.88372180188795,0.4905985596964981
1883,3.2806629078918004,3.9054680976631806,0.367206838955908
1884,2.4988661699632404,3.739853147012347,0.49209147637954637
1885,2.9717769952572923,3.9256312608559365,0.39997433928521603
1886,3.0896162966353917,3.986776180621787,0.39779715849960157
1887,2.917771833771264,3.9562506666723127,0.5454419823631799
1888,2.4614586542991925,3.8587624867020054,0.5446441888587891
1889,2.523939484551055,3.758248875188908,0.42463144538721187
1890,3.271281364488102,4.037363506424055,0.41575569231868503
1891,2.9664638544448287,3.7543653323016204,0.45399448636082024
1892,2.807219107272704,3.8228222387066273,0.5567007826618552
1893,2.716336009114949,3.9996820800386437,0.42687537991910574
1894,3.1307902651500026,3.8536064755391957,0.45948462581510535
1895,2.770158687536649,3.9835288478704722,0.4858861918142631
1896,3.027827516197147,3.7375253215286697,0.35132109681188467
1897,2.841375853493096,3.733585322273664,0.4900440589724943
1898,3.1930602484679906,3.9214552487531558,0.3935091682005505
1899,3.0703908844067214,3.893858669849174,0.4570368326566692
1900,3.179343967682391,3.9392611451903026,0.4320138618341418
1901,2.630266564700528,3.888409766884514,0.41508644039712655
1902,2.870697332050239,3.953364241404741,0.49022498194786895
1903,2.939607597601254,3.8263566295189606,0.45996464461075975
1904,2.825997469849166,3.965746588498669,0.4299669285266832
1905,3.123696405889528,3.8091741588855,0.36901137570904347
1906,3.200500885278687,3.8781941503036044,0.43262987317676255
1907,2.4284701392280237,3.883380806283674,0.46533635118081756
1908,2.849414655768327,3.673456462265335,0.45144884984756084
1909,2.9235224671542666,3.964957279618733,0.5224883266504192
1910,3.077683509108165,3.8744388989927363,0.49328057549388027
1911,3.3217797059647625,3.904107659009893,0.3793459349288079
1912,3.269734669905603,3.893484967887112,0.3621381658681959
1913,2.6027070869627282,3.911634560445701,0.47903388950287545
1914,2.7845575628763823,4.001954505295866,0.49422280791298834
1915,3.013932125649021,3.7502710524952105,0.4498780070727306
1916,3.139913202429359,3.928574209081152,0.40128692490347423
1917,2.9480706646330144,3.8102310108360227,0.41591895537740536
1918,3.2224721983819786,4.045726035909068,0.42993021299364514
1919,2.6596507481159004,3.9044212037257484,0.498892263715097
1920,3.2235855310510018,3.8803248124381957,0.4211357651532787
1921,2.8797377994850084,3.9282754322803686,0.4395014608593168
1922,3.0475893974241752,3.9065660350631077,0.42101827981352224
1923,2.678012913598824,3.687172219725875,0.5290108101701948
1924,3.08964890697863,3.9242442965389706,0.4050534229044995
1925,2.779286800757347,3.7259480999235848,0.4756055633792308
1926,3.184796217311097,3.8574080587112944,0.3886646208455516
1927,3.0281853613480805,3.949552913093711,0.44870341642439526
1928,3.3891757745434417,4.039262712021879,0.3524395104398466
1929,3.1216558191306425,3.882512414582312,0.42643497639884165
1930,2.825313605556433,3.8109927084995334,0.5245758952650756
1931,3.3126006897486477,4.119854529252533,0.4164279088447421
1932,2.808172179747673,3.788617708362868,0.4816837799467196
1933,3.3422754910889716,4.039386886968917,0.47353629981940126
1934,2.5318426287151303,3.863374804124037,0.5093123034886867
1935,3.110427349276047,3.97329608098202,0.4296532700243686
1936,2.8075658108729478,3.7950292560160745,0.4625427067007234
1937,2.732635885444746,3.8732026013071463,0.39629307107348066
1938,2.622254765241373,3.7582443817982125,0.563411976333275
1939,2.946464160888486,3.965010640791304,0.4339992407715991
1940,2.4620633579135562,3.741172818929077,0.515226497139484
1941,3.0459139850256305,3.9385389338726196,0.3624570329371701
1942,2.7140452029590088,3.8039332296251245,0.4494003674114377
1943,2.820022875972351,3.841958727946469,0.4145829378619521
1944,2.9962956725601613,3.7478698591008492,0.4602396868402587
1945,2.6464865008801386,3.8031314870249004,0.5265052935501928
1946,2.589639614908566,3.8506330127337245,0.5025023841519489
1947,3.169643618014939,3.935300624493209,0.41532915805434545
1948,3.091256938749467,3.850109985167714,0.40059095113727644
1949,3.22432288724368,3.9213960344417327,0.3423940581646318
1950,3.044146977914779,3.985013156216371,0.4119659432170294
1951,3.053760542508633,3.9478470650231663,0.40921551305468323
1952,3.272745255148177,3.896760153027297,0.39062866367850657
1953,2.9650548427211656,3.9004853321909496,0.3920053611359403
1954,2.5531792241724833,3.740997857285371,0.46932233481166385
1955,2.5435583966791344,3.7605633937420837,0.4535109633912558
1956,2.8542656792612084,3.8795410737672187,0.43535880376179004
1957,2.840521563140949,3.8483563624040356,0.46465124482411907
1958,2.548628773630397,3.721298762732958,0.3798253523335373
1959,3.033484467211518,3.8006058317403912,0.32765088003956366
1960,3.0352100166572824,3.809108956581929,0.36464705565645317
1961,3.105580172588765,3.9766195427101403,0.3969978549097682
1962,3.059269024431763,3.965064698867416,0.48970702260113075
1963,2.649777599423615,3.814635757560221,0.47462390887753536
1964,3.260043926646458,3.9506846826605058,0.3868759106069016
1965,2.8632921387816594,3.8893682466440067,0.43531566837620816
1966,2.970985279763323,3.950425104364596,0.3572377925145187
1967,3.1783091718975522,3.9428845291069825,0.42004947427260036
1968,3.118204596670621,3.796240993760791,0.33305314499475225
1969,2.8054123047171644,3.8167124367479754,0.43258261717283825
1970,3.041579028730578,3.932321651313007,0.4395680803811009
1971,2.675479857261563,3.890076754683501,0.42570059079139266
1972,3.007442918649941,3.8657791236516776,0.5180970796786587
1973,2.8353260551918935,3.9839691831678095,0.4541578606322505
1974,2.934177838023022,3.944825298835826,0.37245579053216304
1975,3.12381547211523,3.803940697624182,0.3708024578041036
1976,3.032916527842807,3.8881697631268843,0.506983733684501
1977,2.3571738881009807,3.8653348140210304,0.44183468641483487
1978,2.9367522543058655,3.872177180926938,0.4779209699463432
1979,2.734030571829204,3.729848350184526,0.3976156915227977
1980,2.8702023862108943,3.9426836909608993,0.46955094521691726
1981,3.1839953631751374,4.082774778896755,0.4549166824374876
1982,2.5299817734255714,3.9231239495966057,0.502452682552588
1983,2.885151268205361,3.96766004634698,0.46818074619640204
1984,2.894064232998874,3.8272102979207254,0.5156923022217316
1985,2.5334018207460556,3.8877812391124382,0.44604486961453566
1986,2.9580501658916605,3.8376088276820894,0.4673613052421549
1987,3.07217650895952,3.836605116414993,0.3901816090587833
1988,3.291373561850848,3.9774649030434372,0.36337601491999494
1989,3.04465447044904,3.8813620137710076,0.412245335302808
1990,2.9566136785375656,3.7881572299541224,0.4253849118625538
1991,2.704506387386475,3.8358576234765227,0.46299206139189625
1992,3.0014122396557594,3.831895258937986,0.4554938352606575
1993,2.7715937029880933,3.8084912117706837,0.4980392999691104
1994,2.9722329433211643,3.878919692570659,0.5222537393116663
1995,2.923606263103105,3.817944084046327,0.4393352769809993
1996,2.747767897794282,3.906942630155337,0.4811881616478889
1997,2.5769330849987924,3.96296221637301,0.5097148095645281
1998,3.0337736942455042,3.8838768677559523,0.4276540032491077
1999,3.440380146770136,3.8769813372847994,0.32224103415688926
2000,2.8610877769263388,3.731818593778905,0.5348225890533944
2001,2.670331616023694,3.8201541494316062,0.40745665675779574
2002,3.0003750694349343,3.86973271555137,0.421182078388283
2003,2.9857696576730453,3.9305181557563724,0.44403791147736166
2004,3.020869671758917,3.8273453664935357,0.36414256904139325
2005,2.1799184046294093,3.714366743923972,0.4814464316162759
2006,3.026853345930991,3.724130791412834,0.4420924450835204
2007,3.0111690693523254,3.8700836632282116,0.38829469579343695
2008,2.7880136185236934,3.7947924417660377,0.42366585867166007
2009,3.031037043572174,3.7376818464843216,0.3913237672449052
2010,3.007660676841626,3.94152678273809,0.4883034015632491
2011,2.451850811079784,3.8052122693932784,0.5031880200932125
2012,3.143252168887841,3.862833056994588,0.4073029211268284
2013,2.8472779714427636,3.7734243637217197,0.39215695213228147
2014,3.038441718557017,3.98184093425039,0.39570887354810125
2015,3.017069156163037,3.8091370637145814,0.4374774129741647
2016,2.841398134653409,3.8335844931271224,0.5309471050645895
2017,3.1079405745207227,3.8023492993113135,0.3073842985064215
2018,2.7754641826600763,3.868979277983693,0.4439614613068965
2019,2.9777979184756798,3.9109636696939534,0.42797865674823893
2020,2.5270128896074233,3.71251275149466,0.5126293261667048
2021,3.127967653400298,3.7839981947398975,0.34639090837461906
2022,3.079980254834562,3.883217206701583,0.4755879735921665
2023,2.6285546072688803,3.7180939401559536,0.4868310923303757
2024,2.572725990038013,3.8808464564432885,0.5011355193425902
2025,2.946484441537026,3.8329270684759376,0.5064723790709134
2026,2.8283096153806384,3.839896307069624,0.4004222520948423
2027,2.5065105384349744,3.7191039728623396,0.6068635858029068
2028,2.946839296958435,3.791776669837271,0.5112913671415473
2029,3.0341123511178134,3.8191743599849177,0.34531471511681044
2030,3.046129804848569,3.8705577412244403,0.4206865819083238
2031,3.3332404753325933,3.9327615512020566,0.5401415476689884
2032,2.657374927008839,3.73085651534767,0.5325476601720086
2033,3.1378305085088836,3.8793967122422672,0.4282212027182394
2034,3.2078445354778546,4.04395739013694,0.4107315289575992
2035,3.156207770724872,3.9203889139575745,0.49076964431719144
2036,3.006342314249864,3.907081998934828,0.545242066615877
2037,3.1379602133754227,3.898962215122294,0.40934258292360604
2038,3.162151333245818,3.8329931651576556,0.3770221758857996
2039,2.896930773134407,3.8974961597081443,0.4896307341413557
2040,2.803320566166536,3.8766816659821846,0.4862834354109308
2041,3.019211368566921,3.8695159050555024,0.4251167043590088
2042,3.0430135543346646,3.924730714248896,0.4519389467626354
2043,2.779212705448839,3.9139392876451584,0.36885300384129893
2044,3.1162802754261776,3.9375754641799277,0.4935205222441857
2045,2.967687051748919,3.751932336400698,0.4613502474009366
2046,3.2046987014802224,3.8387413801982215,0.3450778927686973
2047,3.189612989308262,3.995401898195257,0.31582930526008046
2048,2.9620772186505326,3.8794055361536084,0.4283569985056626
2049,2.917149237145556,3.776464324800992,0.43504789902853236
2050,2.6010336919756845,3.8109553835708696,0.4815602268046667
2051,3.1136448256168445,3.913227040469865,0.4478429843572644
2052,3.002642911400358,3.902966670110635,0.40274777713608484
2053,3.164244947185775,3.8833033487086652,0.39029285351130405
2054,2.959243435906652,3.885817364399322,0.5334803975241424
2055,2.8121209654505597,3.778411568538343,0.41797762432673496
2056,2.819758661702712,3.98099270803874,0.47167992988353297
2057,2.910846918143256,3.90692539353828,0.4844854584926278
2058,2.914586392026937,3.780876027546698,0.4998227678848577
2059,2.839183770721587,3.9207584881057533,0.48933186952200763
2060,3.0700948449724508,3.88112099864895,0.38471642366433684
2061,2.998468419380322,3.7656547247616046,0.4194584733381467
2062,2.8907722369360003,3.8691255365570054,0.41393880085132523
2063,2.9949138938224062,3.868425169560537,0.49404759932789855
2064,2.8004977840056475,3.8165399347645868,0.4427484187112859
2065,2.965139322527643,3.882012444206645,0.48431200807638214
2066,2.9108175364628144,3.728167371706212,0.3627564972258269
2067,2.7828873928443096,3.7475518290813796,0.4784133085625169
2068,2.8758516687704367,3.732525113915018,0.5569004981335078
2069,3.035259663168431,3.865800947522444,0.3707100498206945
2070,3.150266910670549,3.9328731621148703,0.46087208924956913
2071,2.7678459112473632,3.930350021772323,0.5168288367415986
2072,2.472526427573979,3.777130819010879,0.5465491190745309
2073,2.7027341213437968,3.8389465849680335,0.5524990770439319
2074,2.4309264033821805,3.7632307610767763,0.4937716191132156
2075,2.826387427375274,3.8242911384383076,0.4491139801719164
2076,3.361606665095798,4.137330499927616,0.4784949084900966
2077,3.176630125350292,3.897364408167087,0.3918803946396049
2078,2.94621764405132,3.86054473679327,0.45540880209793844
2079,3.173563473076069,3.8180666871125553,0.35177208199998694
2080,2.6331792322636303,3.75948694981825,0.4461155659445912
2081,3.1453596668432087,3.9220480729565064,0.42218259942404823
2082,3.3101720201076574,3.9689692869132775,0.34223847200887786
2083,3.389619714826718,3.9571898305179345,0.3988199872465859
2084,3.0442126091326314,3.8299828606707327,0.4432960270207569
2085,2.847726230933455,3.6957200880186853,0.4058804594373343
2086,2.866739696891418,3.9575027703485626,0.45675227897067455
2087,3.1159833888791266,3.8567453394246525,0.4567168318324441
2088,2.830814281999778,3.869751444201109,0.48802948933434165
2089,3.1557745582916947,3.847505578488117,0.33593421057715817
2090,3.22358181092119,3.8843751302608127,0.35804248723244425
2091,3.025199534912551,3.740864070645086,0.4040768639410577
2092,2.77674718601919,3.897954673148045,0.3934012181351079
2093,2.970700422858897,3.849860889407459,0.42667868522351343
2094,2.719120499879637,3.761113386173875,0.47727789961251355
2095,2.6456637294183785,3.925200362697899,0.44335141348699797
2096,3.2369273419920255,3.9257931434199684,0.33267003331692657
2097,3.0359526133046484,3.9191548641854355,0.3684295165181583
2098,2.9828780732462614,3.8429646817937733,0.4130104876405798
2099,2.950329456041052,3.760721302627915,0.38143966099872806
2100,3.2731594441406697,3.9262326567228603,0.31886727628303796
2101,2.8904737030074927,3.9394628609202744,0.5058790054612766
2102,2.944903612852839,4.029047801670715,0.4333156512588161
2103,2.798318148504543,3.7661970870606583,0.4746718814761864
2104,2.4404670759884364,3.962705261148501,0.4561574735416852
2105,3.214491178680502,3.9186292640313165,0.3545879625060165
2106,2.5203193450072496,3.858025684718979,0.5088336899473908
2107,2.909256505361304,4.060796313551512,0.5359577248982174
2108,2.9486079224881454,3.9708093625387666,0.5258185184994171
2109,2.521161377802734,3.762967341823281,0.5054732035801597
2110,2.9709463263097944,3.910397976374081,0.4204495810459519
2111,3.097748785058908,3.9016550776221735,0.46057868041376554
2112,2.780219367096119,3.8527575487384613,0.46053098057171776
2113,2.7755731019524115,3.7245849827430457,0.33400079729927173
2114,3.2060010449323446,4.053503179571971,0.4544200979371132
2115,3.102782072023468,3.867572365544737,0.4580936197876337
2116,3.226362406514203,3.942063618522488,0.43433217126135076
2117,3.1888406597314076,3.985289761463471,0.4291536739961952
2118,3.076212357784049,3.7522099293970017,0.41231393829991103
2119,2.780292633697987,3.825666396168707,0.4744361867910515
2120,3.1243018276517063,3.779682288244143,0.36774847982145137
2121,2.653497187654297,3.8659039183852832,0.43909025020458153
2122,3.0312013451123896,3.7341027273731062,0.3621364297966746
2123,2.6182105368411412,3.9046155159283473,0.4556257013981895
2124,2.674106749428542,3.7634017196153797,0.45499862674707836
2125,2.63238409533861,3.9882444899129674,0.43943101998227496
2126,3.0953444382236923,3.982901058695605,0.48813353125997705
2127,2.3946247291629974,3.9426173930316946,0.5728389723864336
2128,2.787150581983674,3.7579622839323927,0.45792171407706506
2129,2.856839007772008,3.7446255471872316,0.3949476276264179
2130,3.253697848241919,3.9000485142829566,0.41478179839300316
2131,2.8480764720344873,3.8536834177748043,0.4117646812365242
2132,2.6059711447967566,3.8498293034772746,0.4762766358082592
2133,3.164346167801599,3.956173341666932,0.5319290505481277
2134,3.152045409087602,3.909082585192923,0.42261973192697844
2135,3.1787850788083087,3.908227650771069,0.3857030025166137
2136,2.9180996479770553,3.8224159928215182,0.47347440648606237
2137,2.7685653970452324,3.9030567260777462,0.48444275849174484
2138,2.788268318669297,3.9531272810245226,0.49905966429040355
2139,2.901081712658298,3.7727349505964485,0.44308506147953575
2140,2.969604269096604,3.9518957421959002,0.41815200668657415
2141,3.237854573374012,3.8423182630261525,0.3260596308342882
2142,2.882053370637215,3.7228388839828606,0.4010772566090296
2143,2.8303951737104613,3.8296951900280254,0.4467724161437588
2144,2.9024628616005828,3.9039119003168503,0.5153529659752872
2145,3.1953081141905093,3.8752269973437694,0.29691650611312953
2146,3.177201261113916,3.9551789191367077,0.3869881693035014
2147,3.2715370894852485,3.8373832874219094,0.3706953836458535
2148,3.290705508605457,3.9343501468070428,0.44108554519365156
2149,2.3736731331248966,3.7482665853270616,0.556639867216443
2150,2.8594535421139073,3.8574512376186987,0.5398843607650354
2151,3.1378878321910704,3.9427822192364617,0.41742498976308445
2152,2.8260354348576877,3.900507797219548,0.48015969500044503
2153,3.442225826045091,3.8647149358540487,0.3168572171420709
2154,2.7150921545591653,3.7992282740333785,0.42351846770859086
2155,3.166074361607651,3.8457741881603256,0.3870520336696158
2156,3.294379452386289,3.922022551252563,0.33813223203707754
2157,2.9548164640440513,3.7949752074294385,0.48406281003599455
2158,2.9376926052680243,3.881386118979053,0.40510355881629095
2159,2.888510766189511,3.7703707138622216,0.5563890363607307
2160,3.121369164630401,3.9087547169374117,0.519429331503438
2161,3.2346706483710013,3.84798594845055,0.3900728612568473
2162,3.0007951247200997,3.8386022934176367,0.36437707769061717
2163,2.704730088033498,3.7833637278178336,0.5125987344796387
2164,3.377814984442912,4.098503719722458,0.4312014517665477
2165,3.0547813243370734,4.0215132833967955,0.5654039951806399
2166,2.875415827821588,3.9275792369104434,0.461975367175902
2167,3.2144022910917056,3.9359591286340976,0.4151194905739929
2168,2.8856701647591256,3.9777195864648056,0.4529408246265313
2169,2.973035782387051,3.8299157969726894,0.38145948862057394
2170,2.9406078243553107,3.765618331649499,0.3992453224682647
2171,2.9116293044955275,3.77969233478743,0.43494511597060137
2172,2.4732715643101653,3.7369651104502113,0.4773925660053402
2173,2.4723707606116636,3.8147060794190963,0.5204211818917216
2174,3.051774191797803,3.788819823766659,0.407154968085033
2175,2.8155793648167773,3.737693118382008,0.486628477389037
2176,2.758839117756532,3.807115081942674,0.4657646615942106
